Drivers,Drivers_ID,Year,Australia,Styria,Malaysia,China,Turkey,Bahrain,Spain,Monaco,Canada,Europe,France,Azerbaijan,Austria,Britain,Silverstone,Germany,Hungary,Belgium,Italy,Netherlands,Tuscany,Singapore,Japan,Russia,Eifel,Portugal,Emilia_Romagna,Sakhir,South_Korea,India,Abu_Dhabi,Qatar,Saudi_Arabia,USA,Brazil,Las_Vagas,Miami,Mexico,Total Points
M. VERSTAPPEN,66,2022,0,0,0,0,0,0,25,15,25,0,25,25,27,6,0,0,25,26,25,26,0,6,25,0,0,0,34,0,0,0,25,0,25,25,13,0,26,25,454
C. LECLERC,13,2022,26,0,0,0,0,26,0,12,10,0,0,0,32,12,0,0,8,8,18,15,0,18,15,0,0,0,15,0,0,0,18,0,19,15,15,0,18,8,308
S. PEREZ,96,2022,18,0,0,0,0,0,19,25,0,0,12,19,4,18,0,0,10,18,9,10,0,25,18,0,0,0,24,0,0,0,15,0,12,12,10,0,12,15,305
G. RUSSELL,29,2022,15,0,0,0,0,12,15,10,12,0,15,15,17,0,0,0,15,12,15,18,0,0,4,0,0,0,12,0,0,0,10,0,10,11,34,0,10,13,275
C. SAINZ,15,2022,0,0,0,0,0,18,12,18,19,0,11,0,6,25,0,0,12,15,12,4,0,15,0,0,0,0,5,0,0,0,12,0,15,0,22,0,15,10,246
L. HAMILTON,55,2022,12,0,0,0,0,15,10,4,15,0,18,12,16,16,0,0,19,0,10,12,0,2,10,0,0,0,0,0,0,0,0,0,1,18,24,0,8,18,240
L. NORRIS,57,2022,10,0,0,0,0,0,4,9,0,0,6,2,6,8,0,0,6,0,6,6,0,12,1,0,0,0,19,0,0,0,9,0,6,8,2,0,0,2,122
E. OCON,23,2022,6,0,0,0,0,6,6,0,8,0,4,1,13,0,0,0,2,6,0,2,0,0,12,0,0,0,0,0,0,0,6,0,8,0,4,0,4,4,92
F. ALONSO,24,2022,0,0,0,0,0,2,2,6,2,0,8,6,1,10,0,0,4,10,0,8,0,0,6,0,0,0,0,0,0,0,0,0,0,6,10,0,0,0,81
V. BOTTAS,106,2022,4,0,0,0,0,8,8,2,6,0,0,0,0,0,0,0,0,0,0,0,0,0,0,0,0,0,12,0,0,0,0,0,0,0,2,0,6,1,49
D. RICCIARDO,18,2022,8,0,0,0,0,0,0,0,0,0,2,4,2,0,0,0,0,0,0,0,0,10,0,0,0,0,3,0,0,0,2,0,0,0,0,0,0,6,37
S. VETTEL,100,2022,0,0,0,0,0,0,0,1,0,0,0,8,0,2,0,0,1,4,0,0,0,4,8,0,0,0,4,0,0,0,1,0,0,4,0,0,0,0,37
K. MAGNUSSEN,50,2022,0,0,0,0,0,10,0,0,0,0,0,0,6,1,0,0,0,0,0,0,0,0,0,0,0,0,3,0,0,0,0,0,2,2,1,0,0,0,25
P. GASLY,82,2022,2,0,0,0,0,0,0,0,0,0,0,10,0,0,0,0,0,2,4,0,0,1,0,0,0,0,0,0,0,0,0,0,4,0,0,0,0,0,23
L. STROLL,59,2022,0,0,0,0,0,0,0,0,1,0,1,0,0,0,0,0,0,0,0,1,0,8,0,0,0,0,1,0,0,0,4,0,0,0,1,0,1,0,18
M. SCHUMACHER,65,2022,0,0,0,0,0,0,0,0,0,0,0,0,8,4,0,0,0,0,0,0,0,0,0,0,0,0,0,0,0,0,0,0,0,0,0,0,0,0,12
Y. TSUNODA,111,2022,0,0,0,0,0,4,1,0,0,0,0,0,0,0,0,0,0,0,0,0,0,0,0,0,0,0,6,0,0,0,0,0,0,1,0,0,0,0,12
G. ZHOU,31,2022,0,0,0,0,0,1,0,0,4,0,0,0,0,0,0,0,0,0,1,0,0,0,0,0,0,0,0,0,0,0,0,0,0,0,0,0,0,0,6
A. ALBON,1,2022,1,0,0,0,0,0,0,0,0,0,0,0,0,0,0,0,0,1,0,0,0,0,0,0,0,0,0,0,0,0,0,0,0,0,0,0,2,0,4
N. LATIFI,72,2022,0,0,0,0,0,0,0,0,0,0,0,0,0,0,0,0,0,0,0,0,0,0,2,0,0,0,0,0,0,0,0,0,0,0,0,0,0,0,2
N. de VRIES,68,2022,0,0,0,0,0,0,0,0,0,0,0,0,0,0,0,0,0,0,2,0,0,0,0,0,0,0,0,0,0,0,0,0,0,0,0,0,0,0,2
N. HULKENBERG,70,2022,0,0,0,0,0,0,0,0,0,0,0,0,0,0,0,0,0,0,0,0,0,0,0,0,0,0,0,0,0,0,0,0,0,0,0,0,0,0,0
M. VERSTAPPEN,66,2023,25,0,0,0,0,25,26,25,25,0,0,24,34,26,0,0,26,33,25,25,0,10,26,0,0,0,0,0,0,0,26,33,19,33,33,25,26,25,575
S. PEREZ,96,2023,11,0,0,0,0,18,12,0,9,0,0,33,22,8,0,0,15,18,18,12,0,4,0,0,0,0,0,0,0,0,12,1,25,16,18,15,18,0,285
L. HAMILTON,55,2023,18,0,0,0,0,10,18,13,15,0,0,10,4,15,0,0,12,15,8,8,0,16,10,0,0,0,0,0,0,0,2,4,10,7,6,6,8,19,234
F. ALONSO,24,2023,15,0,0,0,0,15,6,18,18,0,0,15,14,6,0,0,2,10,2,19,0,0,4,0,0,0,0,0,0,0,6,9,15,0,15,2,15,0,206
C. LECLERC,13,2023,0,0,0,0,0,0,0,8,12,0,0,22,18,2,0,0,6,19,12,0,0,12,12,0,0,0,0,0,0,0,18,10,6,6,4,18,6,15,206
L. NORRIS,57,2023,8,0,0,0,0,0,0,2,0,0,0,2,12,18,0,0,18,9,4,6,0,18,18,0,0,0,0,0,0,0,10,21,0,23,26,0,0,10,205
C. SAINZ,15,2023,0,0,0,0,0,12,10,4,10,0,0,14,14,1,0,0,4,5,15,10,0,25,8,0,0,0,0,0,0,0,0,3,8,18,9,8,10,12,200
G. RUSSELL,29,2023,0,0,0,0,0,6,15,10,0,0,0,10,7,10,0,0,8,9,10,0,0,0,6,0,0,0,0,0,0,0,15,17,12,11,5,4,12,8,175
O. PIASTRI,77,2023,4,0,0,0,0,0,0,1,0,0,0,0,0,12,0,0,10,7,0,2,0,6,15,0,0,0,0,0,0,0,8,26,0,0,0,2,0,4,97
L. STROLL,59,2023,12,0,0,0,0,8,8,0,2,0,0,7,7,0,0,0,1,2,0,0,0,0,0,0,0,0,0,0,0,0,1,0,0,6,10,10,0,0,74
P. GASLY,82,2023,0,0,0,0,0,2,1,6,0,0,0,0,1,0,0,0,0,6,0,15,0,8,1,0,0,0,0,0,0,0,0,0,2,10,6,0,4,0,62
E. OCON,23,2023,0,0,0,0,0,0,4,15,4,0,0,0,2,0,0,0,0,4,0,1,0,0,2,0,0,0,0,0,0,0,0,6,4,0,1,12,2,1,58
A. ALBON,1,2023,0,0,0,0,0,1,0,0,6,0,0,0,0,4,0,0,0,0,6,4,0,0,0,0,0,0,0,0,0,0,0,2,0,2,0,0,0,2,27
Y. TSUNODA,111,2023,1,0,0,0,0,0,0,0,0,0,0,1,0,0,0,0,0,1,0,0,0,0,0,0,0,0,0,0,0,0,4,0,0,5,5,0,0,0,17
V. BOTTAS,106,2023,0,0,0,0,0,4,0,0,1,0,0,0,0,0,0,0,0,0,1,0,0,0,0,0,0,0,0,0,0,0,0,4,0,0,0,0,0,0,10
N. HULKENBERG,70,2023,6,0,0,0,0,0,0,0,0,0,0,0,3,0,0,0,0,0,0,0,0,0,0,0,0,0,0,0,0,0,0,0,0,0,0,0,0,0,9
D. RICCIARDO,18,2023,0,0,0,0,0,0,0,0,0,0,0,0,0,0,0,0,0,0,0,0,0,0,0,0,0,0,0,0,0,0,0,0,0,0,0,0,0,6,6
G. ZHOU,31,2023,2,0,0,0,0,0,2,0,0,0,0,0,0,0,0,0,0,0,0,0,0,0,0,0,0,0,0,0,0,0,0,2,0,0,0,0,0,0,6
K. MAGNUSSEN,50,2023,0,0,0,0,0,0,0,0,0,0,0,0,0,0,0,0,0,0,0,0,0,1,0,0,0,0,0,0,0,0,0,0,1,0,0,0,1,0,3
L. LAWSON,56,2023,0,0,0,0,0,0,0,0,0,0,0,0,0,0,0,0,0,0,0,0,0,2,0,0,0,0,0,0,0,0,0,0,0,0,0,0,0,0,2
L. SARGEANT,58,2023,0,0,0,0,0,0,0,0,0,0,0,0,0,0,0,0,0,0,0,0,0,0,0,0,0,0,0,0,0,0,0,0,0,1,0,0,0,0,1
N. de VRIES,68,2023,0,0,0,0,0,0,0,0,0,0,0,0,0,0,0,0,0,0,0,0,0,0,0,0,0,0,0,0,0,0,0,0,0,0,0,0,0,0,0
M. VERSTAPPEN,66,2024,0,0,0,33,0,26,25,8,25,0,0,10,18,18,0,0,10,12,8,18,0,18,26,0,0,0,25,0,0,0,8,26,25,23,31,10,26,8,437
L. NORRIS,57,2024,15,0,0,21,0,8,19,12,18,0,0,13,6,15,0,0,18,10,16,26,0,25,10,0,0,0,18,0,0,0,25,9,4,18,16,9,25,18,374
C. LECLERC,13,2024,19,0,0,17,0,12,10,25,0,0,0,18,2,0,0,0,12,15,25,15,0,10,12,0,0,0,15,0,0,0,15,22,16,30,16,12,22,16,356
O. PIASTRI,77,2024,12,0,0,6,0,4,6,18,10,0,0,25,25,12,0,0,25,18,18,12,0,15,4,0,0,0,12,0,0,0,1,23,12,10,11,6,3,4,292
C. SAINZ,15,2024,25,0,0,14,0,15,8,15,0,0,0,0,19,11,0,0,8,8,12,10,0,6,15,0,0,0,10,0,0,0,18,13,0,25,4,15,14,25,290
G. RUSSELL,29,2024,0,0,0,9,0,10,12,10,15,0,0,15,30,0,0,0,5,0,6,6,0,12,6,0,0,0,7,0,0,0,10,18,8,12,15,25,4,10,245
L. HAMILTON,55,2024,0,0,0,9,0,6,15,7,13,0,0,2,15,25,0,0,15,25,10,4,0,8,2,0,0,0,8,0,0,0,12,3,2,3,1,18,8,12,223
S. PEREZ,96,2024,10,0,0,21,0,18,4,0,0,0,0,0,7,0,0,0,6,7,4,8,0,1,18,0,0,0,4,0,0,0,0,0,18,6,1,1,18,0,152
F. ALONSO,24,2024,4,0,0,7,0,2,0,0,8,0,0,8,0,4,0,0,0,4,0,1,0,4,8,0,0,0,0,0,0,0,2,6,10,0,0,0,2,0,70
P. GASLY,82,2024,0,0,0,0,0,0,2,1,2,0,0,0,1,0,0,0,0,0,0,2,0,0,0,0,0,0,0,0,0,0,6,10,0,0,17,0,0,1,42
N. HULKENBERG,70,2024,2,0,0,1,0,0,0,0,0,0,0,0,8,8,0,0,0,0,0,0,0,2,0,0,0,0,0,0,0,0,4,2,1,5,0,4,2,2,41
Y. TSUNODA,111,2024,6,0,0,0,0,0,0,4,0,0,0,0,0,1,0,0,2,0,0,0,0,0,1,0,0,0,1,0,0,0,0,0,0,0,6,2,7,0,30
L. STROLL,59,2024,8,0,0,0,0,1,0,0,6,0,0,0,0,6,0,0,1,0,0,0,0,0,0,0,0,0,2,0,0,0,0,0,0,0,0,0,0,0,24
E. OCON,23,2024,0,0,0,0,0,0,1,0,1,0,0,0,0,0,0,0,0,2,0,0,0,0,0,0,0,0,0,0,0,0,0,0,0,0,18,0,1,0,23
K. MAGNUSSEN,50,2024,1,0,0,0,0,0,0,0,0,0,0,0,4,0,0,0,0,0,1,0,0,0,0,0,0,0,0,0,0,0,0,2,0,2,0,0,0,6,16
A. ALBON,1,2024,0,0,0,0,0,0,0,2,0,0,0,6,0,2,0,0,0,0,2,0,0,0,0,0,0,0,0,0,0,0,0,0,0,0,0,0,0,0,12
D. RICCIARDO,18,2024,0,0,0,0,0,0,0,0,4,0,0,0,2,0,0,0,0,1,0,0,0,0,0,0,0,0,0,0,0,0,0,0,0,0,0,0,5,0,12
O. BEARMAN,75,2024,0,0,0,0,0,0,0,0,0,0,0,1,0,0,0,0,0,0,0,0,0,0,0,0,0,0,0,0,0,0,0,0,6,0,0,0,0,0,7
F. COLAPINTO,25,2024,0,0,0,0,0,0,0,0,0,0,0,4,0,0,0,0,0,0,0,0,0,0,0,0,0,0,0,0,0,0,0,0,0,1,0,0,0,0,5
G. ZHOU,31,2024,0,0,0,0,0,0,0,0,0,0,0,0,0,0,0,0,0,0,0,0,0,0,0,0,0,0,0,0,0,0,0,4,0,0,0,0,0,0,4
L. LAWSON,56,2024,0,0,0,0,0,0,0,0,0,0,0,0,0,0,0,0,0,0,0,0,0,0,0,0,0,0,0,0,0,0,0,0,0,2,2,0,0,0,4
V. BOTTAS,106,2024,0,0,0,0,0,0,0,0,0,0,0,0,0,0,0,0,0,0,0,0,0,0,0,0,0,0,0,0,0,0,0,0,0,0,0,0,0,0,0
L. SARGEANT,58,2024,0,0,0,0,0,0,0,0,0,0,0,0,0,0,0,0,0,0,0,0,0,0,0,0,0,0,0,0,0,0,0,0,0,0,0,0,0,0,0
J. DOOHAN,39,2024,0,0,0,0,0,0,0,0,0,0,0,0,0,0,0,0,0,0,0,0,0,0,0,0,0,0,0,0,0,0,0,0,0,0,0,0,0,0,0
M. SCHUMACHER,65,2000,10,0,10,10,0,0,2,10,0,10,0,0,0,0,0,0,0,6,6,0,0,10,10,0,0,0,0,0,10,10,108,0,0,0,2,0,0,0,0
M. HAKKINEN,63,2000,6,0,6,10,0,0,1,3,6,10,0,0,0,6,0,10,10,6,0,0,0,6,3,0,0,0,0,0,89,3,0,0,0,0,0,0,0,0,4
D. COULTHARD,16,2000,6,0,4,10,0,0,10,6,4,4,0,0,0,3,0,0,2,4,6,0,0,73,4,0,0,0,0,0,6,0,3,0,0,0,0,0,0,0,4
R. BARRICHELLO,85,2000,6,0,6,4,0,0,10,3,0,0,0,0,0,6,0,3,4,62,5,0,0,4,2,0,0,0,0,0,0,3,3,0,0,0,0,0,0,0,0
R. SCHUMACHER,92,2000,2,0,0,0,0,0,4,4,0,0,0,0,0,0,0,24,6,2,6,0,0,0,0,0,0,0,0,0,0,2,4,0,0,0,4,0,0,0,0
G. FISICHELLA,28,2000,0,0,0,0,0,0,0,0,0,18,0,0,0,7,0,3,0,2,0,0,0,0,0,0,0,0,0,0,0,0,3,0,0,0,3,0,0,0,0
J. VILLENEUVE,46,2000,0,0,0,3,0,0,2,17,8,0,0,0,0,1,0,0,2,0,0,0,0,0,0,0,0,0,0,0,0,2,3,0,0,0,0,0,0,0,2
J. BUTTON,37,2000,0,0,2,0,0,0,9,0,4,0,0,0,0,0,0,1,0,0,0,0,0,0,0,0,0,0,0,0,0,1,1,0,0,0,0,0,0,0,4
H. FRENTZEN,32,2000,0,0,11,10,0,0,3,0,1,0,0,0,0,0,0,0,1,1,0,0,0,0,0,0,0,0,0,0,0,0,0,0,0,0,0,0,0,0,0
J. TRULLI,43,2000,11,0,0,0,0,0,0,0,0,2,0,0,0,0,0,0,1,2,0,0,0,0,0,0,0,0,0,0,0,0,0,0,0,0,6,0,0,0,12
M. SALO,64,2000,0,0,0,0,0,0,0,0,2,0,0,0,0,0,0,0,0,0,3,0,0,0,0,0,0,0,0,0,0,5,13,0,0,0,0,0,0,0,0
J. VERSTAPPEN,45,2000,0,0,0,0,0,0,0,0,0,0,0,0,0,0,0,0,0,0,0,0,0,1,4,0,0,0,0,0,14,1,0,0,0,0,0,0,0,0,0
E. IRVINE,22,2000,0,0,0,0,0,0,0,0,0,0,0,0,0,1,0,1,0,0,3,0,0,15,0,0,0,0,0,0,0,0,0,0,0,0,0,0,0,0,0
R. ZONTA,93,2000,0,0,0,0,0,0,0,0,2,0,0,0,0,0,0,0,2,16,0,0,0,0,0,0,0,0,0,0,0,0,1,0,0,0,0,0,0,0,0
A. WURZ,7,2000,0,0,1,0,0,0,0,0,0,0,0,0,0,2,0,17,0,0,0,0,0,0,0,0,0,0,0,0,0,0,0,0,0,0,0,0,0,0,0
P. de la ROSA,78,2000,0,0,0,0,0,0,0,0,0,18,0,0,0,0,0,0,0,0,0,0,0,0,0,0,0,0,0,0,0,0,0,0,0,0,0,0,0,0,0
J. HERBERT,40,2000,0,0,0,0,0,0,0,19,0,0,0,0,0,0,0,0,0,0,0,0,0,0,0,0,0,0,0,0,0,0,0,0,0,0,0,0,0,0,0
P. DINIZ,80,2000,0,0,0,0,0,0,0,0,0,0,0,0,0,0,0,0,0,0,0,0,0,0,0,0,0,0,0,0,0,0,0,0,0,0,0,0,0,0,0
M. GENE,62,2000,0,0,21,0,0,0,0,0,0,0,0,0,0,0,0,0,0,0,0,0,0,0,0,0,0,0,0,0,0,0,0,0,0,0,0,0,0,0,0
N. HEIDFELD,69,2000,0,0,0,0,0,0,0,0,0,0,0,0,0,0,0,0,0,0,0,0,0,0,0,0,0,0,0,0,0,0,0,0,0,0,23,0,0,0,0
M. SCHUMACHER,65,2001,10,0,10,6,0,0,10,6,10,6,0,0,0,10,0,10,6,0,10,0,0,10,3,0,0,0,0,0,6,10,123,0,0,0,2,0,0,0,6
D. COULTHARD,16,2001,10,0,6,2,0,0,2,0,4,3,0,0,0,0,0,0,4,6,0,0,0,4,4,0,0,0,0,0,65,3,4,0,0,0,6,0,0,0,0
R. BARRICHELLO,85,2001,0,0,4,6,0,0,2,4,4,6,0,0,0,6,0,2,6,0,2,0,0,56,4,0,0,0,0,0,0,2,0,0,0,0,10,0,0,0,0
R. SCHUMACHER,92,2001,0,0,10,3,0,0,0,10,3,0,0,0,0,4,0,0,1,49,5,0,0,0,1,0,0,0,0,0,0,3,0,0,0,0,0,0,0,0,0
M. HAKKINEN,63,2001,1,0,0,10,0,0,2,3,0,10,0,0,0,3,0,37,6,0,0,0,0,0,0,0,0,0,0,0,6,0,0,0,0,0,0,0,0,0,6
J. MONTOYA,41,2001,3,0,0,0,0,0,10,0,6,31,0,0,0,7,0,0,0,0,0,0,0,4,0,0,0,0,0,0,3,0,0,0,0,0,0,0,0,0,0
J. VILLENEUVE,46,2001,0,0,0,1,0,0,0,12,8,3,0,0,0,0,0,4,0,1,0,0,0,0,0,0,0,0,0,0,0,1,1,0,0,0,0,0,0,0,1
N. HEIDFELD,69,2001,0,0,1,0,0,0,9,0,0,2,0,0,0,2,0,3,0,0,0,0,0,0,2,0,0,0,0,0,0,0,0,0,0,0,0,0,0,0,0
J. TRULLI,43,2001,0,0,12,10,0,0,0,0,0,0,0,0,0,3,0,0,3,0,0,0,0,2,0,0,0,0,0,0,0,0,0,0,0,0,0,0,0,0,0
K. RAIKKONEN,52,2001,11,0,0,0,0,0,0,0,0,0,0,0,0,0,0,0,0,0,3,0,0,0,4,0,0,0,0,0,0,0,0,0,0,0,8,0,0,0,12
G. FISICHELLA,28,2001,0,0,0,0,0,0,0,4,0,0,0,0,0,0,0,0,0,0,0,0,0,0,2,0,0,0,0,0,0,6,13,0,0,0,2,0,0,0,3
E. IRVINE,22,2001,1,0,0,0,0,0,0,0,0,0,0,0,0,0,0,0,0,0,0,0,0,0,6,0,0,0,0,0,14,0,0,0,0,0,3,0,0,0,0
H. FRENTZEN,32,2001,2,0,0,0,0,0,0,0,0,0,0,0,0,0,0,0,0,0,5,0,0,15,0,0,0,0,0,0,0,0,0,0,0,0,0,0,0,0,0
O. PANIS,76,2001,2,0,0,0,0,0,1,0,1,0,0,0,0,0,0,0,5,16,0,0,0,0,0,0,0,0,0,0,0,0,0,0,0,0,0,0,0,0,1
J. ALESI,34,2001,0,0,0,0,0,0,0,2,0,0,0,0,0,3,0,17,0,0,0,0,0,0,0,0,0,0,0,0,0,0,0,0,0,0,0,0,0,0,0
P. de la ROSA,78,2001,2,0,0,0,0,0,0,0,2,18,0,0,0,0,0,0,0,0,0,0,0,1,0,0,0,0,0,0,0,0,0,0,0,0,0,0,0,0,0
J. BUTTON,37,2001,0,0,0,0,0,0,1,19,0,0,0,0,0,0,0,0,0,0,0,0,0,0,0,0,0,0,0,0,0,0,0,0,0,0,0,0,0,0,0
J. VERSTAPPEN,45,2001,0,0,0,0,0,0,0,0,0,0,0,0,0,0,0,0,0,0,0,0,0,0,0,0,0,0,0,0,0,0,0,0,0,0,0,0,0,0,0
R. ZONTA,93,2001,0,0,21,0,0,0,0,0,0,0,0,0,0,0,0,0,0,0,0,0,0,0,0,0,0,0,0,0,0,0,0,0,0,0,0,0,0,0,0
L. BURTI,53,2001,0,0,0,0,0,0,0,0,0,0,0,0,0,0,0,0,0,0,0,0,0,0,0,0,0,0,0,0,0,0,0,0,0,0,23,0,0,0,0
E. BERNOLDI,20,2001,0,0,0,0,0,0,0,0,0,0,0,0,0,0,0,0,0,0,0,0,0,0,0,0,0,0,0,0,0,24,0,0,0,0,0,0,0,0,0
T. MARQUES,103,2001,0,0,0,0,0,0,0,0,0,0,0,0,0,0,0,0,0,0,0,0,0,0,25,0,0,0,0,0,0,0,0,0,0,0,0,0,0,0,0
F. ALONSO,24,2001,0,0,0,0,0,0,0,0,0,0,0,0,0,0,0,0,0,0,26,0,0,0,0,0,0,0,0,0,0,0,0,0,0,0,0,0,0,0,0
M. SCHUMACHER,65,2002,10,0,4,10,0,0,10,10,6,10,0,0,0,6,0,10,10,10,6,0,0,10,6,0,0,0,0,0,6,10,144,0,0,0,2,0,0,0,0
R. BARRICHELLO,85,2002,0,0,6,0,0,0,0,4,10,6,0,0,0,0,0,3,10,6,10,0,0,10,6,0,0,0,0,0,77,3,6,0,0,0,6,0,0,0,2
J. MONTOYA,41,2002,6,0,4,0,0,0,0,4,3,6,0,0,0,0,0,4,0,3,3,0,0,50,4,0,0,0,0,0,0,10,6,0,0,0,4,0,0,0,0
R. SCHUMACHER,92,2002,4,0,0,3,0,0,2,4,4,2,0,0,0,0,0,0,0,42,5,0,0,0,0,0,0,0,0,0,4,1,4,0,0,0,1,0,0,0,10
D. COULTHARD,16,2002,0,0,0,4,0,0,2,3,0,4,0,0,0,0,0,41,6,4,0,0,0,0,0,0,0,0,0,0,0,0,0,0,0,0,3,0,0,0,4
K. RAIKKONEN,52,2002,6,0,0,3,0,0,0,0,4,24,0,0,0,7,0,0,3,3,2,0,0,0,0,0,0,0,0,0,0,0,2,0,0,0,0,0,0,0,1
J. BUTTON,37,2002,0,0,0,2,0,0,1,14,8,0,0,0,0,0,0,0,0,0,0,0,0,3,1,0,0,0,0,0,0,0,0,0,0,0,0,0,0,0,0
J. TRULLI,43,2002,3,0,2,0,0,0,9,3,0,0,0,0,0,0,0,0,0,0,0,0,0,0,0,0,0,0,0,0,0,0,0,0,0,0,1,0,0,0,4
E. IRVINE,22,2002,0,0,8,10,0,0,2,0,0,3,0,0,0,0,0,0,0,0,1,0,0,0,1,0,0,0,0,0,0,0,0,0,0,0,0,0,0,0,0
N. HEIDFELD,69,2002,11,0,0,0,0,0,0,0,2,2,0,0,0,2,0,0,0,0,0,0,0,1,0,0,0,0,0,0,0,0,0,0,0,0,7,0,0,0,12
G. FISICHELLA,28,2002,0,0,0,0,0,0,0,0,0,0,0,0,0,3,0,0,0,0,0,0,0,0,1,0,0,0,0,0,0,4,13,0,0,0,0,0,0,0,1
J. VILLENEUVE,46,2002,0,0,2,0,0,0,0,1,0,0,0,0,0,0,0,0,0,0,0,0,0,0,4,0,0,0,0,0,14,0,0,0,0,0,0,0,0,0,0
F. MASSA,26,2002,0,0,0,0,0,0,2,0,0,0,0,0,0,0,0,1,0,0,3,0,0,15,0,0,0,0,0,0,0,0,0,0,0,0,0,0,0,0,0
O. PANIS,76,2002,0,0,0,0,0,0,0,0,0,0,0,0,0,0,0,2,2,16,2,0,0,0,0,0,0,0,0,0,0,0,0,0,0,0,0,0,0,0,0
T. SATO,105,2002,0,0,0,0,0,0,0,0,0,0,0,0,0,2,0,17,1,0,1,0,0,0,0,0,0,0,0,0,0,0,0,0,0,0,0,0,0,0,0
M. WEBBER,67,2002,0,0,0,0,0,0,0,0,2,18,0,0,0,0,0,0,0,0,1,0,0,0,1,0,0,0,0,0,0,0,0,0,0,0,0,0,0,0,0
M. SALO,64,2002,0,0,0,0,0,0,2,19,0,0,0,0,0,0,0,0,0,0,0,0,0,0,0,0,0,0,0,0,0,0,0,0,0,0,0,0,0,0,0
H. FRENTZEN,32,2002,0,0,0,0,0,0,0,0,0,0,0,0,0,0,0,0,0,0,0,0,0,0,0,0,0,0,0,0,0,0,0,0,0,0,0,0,0,0,0
A. McNISH,3,2002,0,0,21,0,0,0,0,0,0,0,0,0,0,0,0,0,0,0,0,0,0,0,0,0,0,0,0,0,0,0,0,0,0,0,0,0,0,0,0
M. SCHUMACHER,65,2003,5,0,3,0,0,0,10,10,6,10,0,0,0,4,0,6,5,2,1,0,0,10,10,0,0,0,0,0,1,93,2,0,0,0,6,0,0,0,10
K. RAIKKONEN,52,2003,8,0,0,8,0,0,3,0,5,6,0,0,0,0,0,8,5,8,8,0,0,91,3,0,0,0,0,0,8,0,0,0,0,0,2,0,0,0,5
J. MONTOYA,41,2003,10,0,6,8,0,0,8,10,6,8,0,0,0,3,0,0,82,4,0,0,0,8,0,0,0,0,0,0,6,6,6,0,0,0,1,0,0,0,4
R. BARRICHELLO,85,2003,2,0,10,0,0,0,6,0,10,65,0,0,0,5,0,1,5,2,5,0,0,4,3,0,0,0,0,0,5,8,10,0,0,0,10,0,0,0,0
R. SCHUMACHER,92,2003,5,0,0,0,0,0,58,6,2,6,0,0,0,6,0,3,8,0,4,0,0,5,5,0,0,0,0,0,0,0,5,0,0,0,10,0,0,0,1
F. ALONSO,24,2003,0,0,55,7,0,0,0,5,4,0,0,0,0,4,0,2,0,0,4,0,0,4,8,0,0,0,0,0,4,0,0,0,0,0,6,0,0,0,51
D. COULTHARD,16,2003,4,0,4,1,0,0,0,1,3,0,0,0,0,0,0,0,3,6,2,0,0,0,5,0,0,0,0,0,4,33,9,0,0,0,0,0,0,0,2
J. TRULLI,43,2003,1,0,0,5,0,0,0,2,0,1,0,0,0,1,0,0,0,0,5,0,0,17,10,0,0,0,0,0,0,0,0,0,0,0,0,0,0,0,2
J. BUTTON,37,2003,0,0,2,3,0,0,0,0,3,2,0,0,0,0,0,0,17,11,3,0,0,0,4,0,0,0,0,0,0,0,0,0,0,0,0,0,0,0,0
M. WEBBER,67,2003,0,0,0,0,0,0,0,6,0,13,0,0,0,12,0,0,0,10,0,0,0,0,0,0,0,0,0,0,0,0,0,0,0,0,0,0,0,0,0
H. FRENTZEN,32,2003,0,0,0,2,0,0,12,13,0,0,0,0,0,0,0,0,3,0,0,0,0,0,0,0,0,0,0,0,0,2,3,0,0,0,0,0,0,0,0
G. FISICHELLA,28,2003,2,0,10,14,0,0,1,0,0,0,0,0,0,0,0,0,0,1,0,0,0,0,0,0,0,0,0,0,0,0,4,0,0,0,0,0,0,0,6
C. da MATTA,11,2003,0,0,0,0,0,0,0,0,0,1,0,0,0,0,0,1,0,4,0,0,0,0,0,0,0,0,0,0,0,6,16,0,0,0,0,0,0,0,0
N. HEIDFELD,69,2003,0,0,0,0,0,0,0,0,0,0,0,0,0,0,0,0,3,0,0,0,0,6,17,0,0,0,0,0,0,0,0,0,0,0,0,0,0,0,0
O. PANIS,76,2003,0,0,0,0,0,0,0,0,0,4,0,0,0,0,0,0,4,18,0,0,0,0,0,0,0,0,0,0,0,0,0,0,0,0,0,0,0,0,0
J. VILLENEUVE,46,2003,0,0,0,0,0,0,0,0,3,3,0,0,0,19,0,0,0,0,0,0,0,1,0,0,0,0,0,0,0,0,0,0,0,0,0,0,0,0,0
M. GENE,62,2003,0,0,0,0,0,0,1,20,0,0,0,0,0,0,0,0,0,0,0,0,0,0,0,0,0,0,0,0,0,0,0,0,0,0,0,0,0,0,0
T. SATO,105,2003,0,0,1,21,0,0,0,0,0,0,0,0,0,0,0,0,0,0,0,0,0,0,0,0,0,0,0,0,0,0,0,0,0,0,0,0,0,0,0
R. FIRMAN,87,2003,0,0,0,0,0,0,0,0,0,0,0,0,0,0,0,0,0,0,0,0,0,0,0,0,0,0,0,0,0,0,23,0,0,0,0,0,0,0,0
J. WILSON,47,2003,0,0,0,0,0,0,0,0,0,0,0,0,0,0,0,0,0,0,0,0,0,0,24,0,0,0,0,0,0,0,0,0,0,0,0,0,0,0,0
M. SCHUMACHER,65,2004,10,0,10,10,0,0,10,0,10,10,0,0,0,10,0,10,10,10,10,0,0,8,8,0,0,0,0,0,0,10,2,0,0,0,148,0,0,0,2
R. BARRICHELLO,85,2004,5,0,8,3,0,0,6,8,8,8,0,0,0,6,0,6,0,8,6,0,0,10,10,0,0,0,0,0,0,6,114,0,0,0,3,0,0,0,3
J. BUTTON,37,2004,6,0,8,1,0,0,6,6,0,4,0,0,0,5,0,8,4,0,6,0,0,8,6,0,0,0,0,0,0,85,4,0,0,0,6,0,0,0,2
F. ALONSO,24,2004,5,0,5,0,0,0,0,0,8,0,0,0,0,6,0,6,0,0,5,0,0,4,5,0,0,0,0,0,59,5,4,0,0,0,8,0,0,0,0
J. MONTOYA,41,2004,0,0,5,1,0,0,0,1,4,4,0,0,0,5,0,0,4,4,2,0,0,10,58,0,0,0,0,0,6,2,4,0,0,0,5,0,0,0,4
J. TRULLI,43,2004,10,0,5,0,0,0,5,0,0,0,0,0,0,0,0,0,0,0,0,0,0,46,7,0,0,0,0,0,0,0,0,0,0,0,1,0,0,0,0
K. RAIKKONEN,52,2004,0,0,4,3,0,0,8,0,0,10,0,0,0,0,0,6,3,8,45,0,0,8,0,0,0,0,0,0,0,4,0,0,0,0,4,0,0,0,0
T. SATO,105,2004,0,0,6,0,0,0,1,3,0,5,0,0,0,3,0,5,3,34,9,0,0,5,0,0,0,0,0,0,2,2,3,0,0,0,0,0,0,0,0
R. SCHUMACHER,92,2004,0,0,0,0,0,0,0,0,0,0,0,0,0,8,0,4,24,10,1,0,0,3,0,0,0,0,0,0,0,0,0,0,0,0,0,0,0,0,3
D. COULTHARD,16,2004,3,0,2,5,0,0,2,3,0,0,0,0,0,0,0,24,11,0,0,0,0,0,0,0,0,0,0,0,2,0,3,0,0,0,5,0,0,0,0
G. FISICHELLA,28,2004,3,0,0,1,0,0,1,2,1,0,0,0,0,22,0,12,0,1,0,0,0,0,0,0,0,0,0,0,4,0,0,0,0,0,0,0,0,0,0
F. MASSA,26,2004,0,0,0,5,0,0,1,0,1,12,0,0,0,13,0,0,0,1,0,0,0,0,0,0,0,0,0,0,2,0,0,0,0,0,0,0,0,0,1
M. WEBBER,67,2004,0,0,0,0,0,0,0,0,7,14,0,0,0,0,0,0,0,0,0,0,0,1,0,0,0,0,0,0,0,4,0,0,0,0,0,0,0,0,0
O. PANIS,76,2004,1,0,0,0,0,0,0,6,15,0,0,0,0,0,0,0,0,0,0,0,0,0,0,0,0,0,0,0,0,0,0,0,0,0,2,0,0,0,2
A. PIZZONIA,4,2004,2,0,0,0,0,0,6,16,0,0,0,0,0,0,0,0,0,0,0,0,0,0,0,0,0,0,0,0,0,0,0,0,0,0,0,0,0,0,3
C. KLIEN,12,2004,0,0,0,0,0,0,17,0,0,0,0,0,0,0,0,0,3,0,0,0,0,0,0,0,0,0,0,0,0,0,0,0,0,0,0,0,0,0,0
C. da MATTA,11,2004,0,0,0,3,0,0,0,0,0,0,0,0,0,0,0,2,0,1,0,0,0,0,0,0,0,0,0,0,0,0,0,0,0,0,0,0,0,0,0
N. HEIDFELD,69,2004,0,0,3,19,0,0,0,0,0,0,0,0,0,0,0,0,2,0,0,0,0,0,0,0,0,0,0,0,0,0,0,0,0,0,0,0,0,0,0
T. GLOCK,102,2004,2,0,20,0,0,0,0,0,0,0,0,0,0,0,0,0,1,0,0,0,0,0,0,0,0,0,0,0,0,0,0,0,0,0,0,0,0,0,0
Z. BAUMGARTNER,112,2004,21,0,0,0,0,0,0,0,0,0,0,0,0,0,0,0,0,0,0,0,0,0,0,0,0,0,0,0,0,0,0,0,0,0,0,0,0,0,0
J. VILLENEUVE,46,2004,0,0,0,0,0,0,0,0,0,0,0,0,0,0,0,0,0,0,0,0,0,0,0,0,0,0,0,0,0,0,0,0,0,0,0,0,0,0,23
R. ZONTA,93,2004,0,0,0,0,0,0,0,0,0,0,0,0,0,0,0,0,0,0,0,0,0,0,0,0,0,0,0,0,0,0,0,0,0,0,24,0,0,0,0
M. GENE,62,2004,0,0,0,0,0,0,0,0,0,0,0,0,0,0,0,0,0,0,0,0,0,0,0,0,0,0,0,0,0,0,25,0,0,0,0,0,0,0,0
F. ALONSO,24,2005,6,0,10,10,0,0,8,5,10,0,0,0,0,0,0,10,8,10,0,0,0,8,8,0,0,0,0,0,8,6,6,0,0,0,10,0,0,0,133
K. RAIKKONEN,52,2005,1,0,0,6,0,0,10,10,0,10,0,0,0,0,0,8,6,0,10,0,0,10,5,0,0,0,0,0,10,8,10,0,0,0,8,0,0,0,112
M. SCHUMACHER,65,2005,0,0,2,0,0,0,0,2,4,8,0,0,0,10,0,6,3,4,8,0,0,0,0,0,0,0,0,0,0,5,2,0,0,0,0,0,0,0,62
J. MONTOYA,41,2005,3,0,5,0,0,0,2,4,2,0,0,0,0,0,0,0,10,8,0,0,0,6,10,0,0,0,0,0,0,10,0,0,0,0,0,0,0,0,60
G. FISICHELLA,28,2005,10,0,0,0,0,0,4,0,3,0,0,0,0,0,0,3,5,5,0,0,0,5,6,0,0,0,0,0,0,4,8,0,0,0,5,0,0,0,58
R. SCHUMACHER,92,2005,0,0,4,5,0,0,5,3,0,3,0,0,0,0,0,2,1,3,6,0,0,0,3,0,0,0,0,0,2,1,1,0,0,0,6,0,0,0,45
J. TRULLI,43,2005,0,0,8,8,0,0,6,0,1,0,0,0,0,0,0,4,0,0,5,0,0,3,4,0,0,0,0,0,0,0,0,0,0,0,0,0,0,0,43
R. BARRICHELLO,85,2005,8,0,0,0,0,0,0,1,6,6,0,0,0,8,0,0,2,0,0,0,0,0,0,0,0,0,0,0,4,3,0,0,0,0,0,0,0,0,38
J. BUTTON,37,2005,0,0,0,0,0,0,0,0,0,0,0,0,0,0,0,5,4,6,4,0,0,4,1,0,0,0,0,0,6,2,4,0,0,0,1,0,0,0,37
M. WEBBER,67,2005,4,0,0,3,0,0,3,6,0,4,0,0,0,0,0,0,0,0,2,0,0,0,0,0,0,0,0,0,5,0,5,0,0,0,2,0,0,0,36
N. HEIDFELD,69,2005,0,0,6,0,0,0,0,8,8,0,0,0,0,0,0,0,0,0,3,0,0,0,0,0,0,0,0,0,0,0,0,0,0,0,0,0,0,0,28
D. COULTHARD,16,2005,5,0,3,1,0,0,1,0,5,2,0,0,0,0,0,0,0,2,0,0,0,2,0,0,0,0,0,0,0,0,3,0,0,0,0,0,0,0,24
F. MASSA,26,2005,0,0,0,2,0,0,0,0,0,5,0,0,0,0,0,0,0,1,0,0,0,0,0,0,0,0,0,0,0,0,0,0,0,0,3,0,0,0,11
J. VILLENEUVE,46,2005,0,0,0,0,0,0,0,0,0,0,0,0,0,0,0,1,0,0,0,0,0,0,0,0,0,0,0,0,3,0,0,0,0,0,0,0,0,0,9
C. KLIEN,12,2005,2,0,1,0,0,0,0,0,0,1,0,0,0,0,0,0,0,0,0,0,0,1,0,0,0,0,0,0,0,0,0,0,0,0,4,0,0,0,9
T. MONTEIRO,104,2005,0,0,0,0,0,0,0,0,0,0,0,0,0,6,0,0,0,0,0,0,0,0,0,0,0,0,0,0,1,0,0,0,0,0,0,0,0,0,7
A. WURZ,7,2005,0,0,0,0,0,0,0,0,0,0,0,0,0,0,0,0,0,0,0,0,0,0,0,0,0,0,0,0,0,0,0,0,0,0,0,0,0,0,6
N. KARTHIKEYAN,71,2005,0,0,0,0,0,0,0,0,0,0,0,0,0,5,0,0,0,0,0,0,0,0,0,0,0,0,0,0,0,0,0,0,0,0,0,0,0,0,5
C. ALBERS,10,2005,0,0,0,0,0,0,0,0,0,0,0,0,0,4,0,0,0,0,0,0,0,0,0,0,0,0,0,0,0,0,0,0,0,0,0,0,0,0,4
P. de la ROSA,78,2005,0,0,0,4,0,0,0,0,0,0,0,0,0,0,0,0,0,0,0,0,0,0,0,0,0,0,0,0,0,0,0,0,0,0,0,0,0,0,4
P. FRIESACHER,81,2005,0,0,0,0,0,0,0,0,0,0,0,0,0,3,0,0,0,0,0,0,0,0,0,0,0,0,0,0,0,0,0,0,0,0,0,0,0,0,3
A. PIZZONIA,4,2005,0,0,0,0,0,0,0,0,0,0,0,0,0,0,0,0,0,0,0,0,0,0,2,0,0,0,0,0,0,0,0,0,0,0,0,0,0,0,2
T. SATO,105,2005,0,0,0,0,0,0,0,0,0,0,0,0,0,0,0,0,0,0,1,0,0,0,0,0,0,0,0,0,0,0,0,0,0,0,0,0,0,0,1
V. LIUZZI,107,2005,0,0,0,0,0,0,0,0,0,0,0,0,0,0,0,0,0,0,0,0,0,0,0,0,0,0,0,0,0,0,0,0,0,0,0,0,0,0,1
R. DOORNBOS,86,2005,0,0,0,0,0,0,0,0,0,0,0,0,0,0,0,0,0,0,0,0,0,0,0,0,0,0,0,0,0,0,0,0,0,0,0,0,0,0,0
F. ALONSO,24,2006,10,0,8,10,0,0,8,10,10,10,0,0,0,10,0,4,8,4,0,0,0,8,0,0,0,0,0,0,8,10,8,0,0,0,134,0,0,0,2
M. SCHUMACHER,65,2006,3,0,0,10,0,0,8,4,8,8,0,0,0,10,0,10,10,1,6,0,0,10,10,0,0,0,0,0,0,5,121,0,0,0,3,0,0,0,0
F. MASSA,26,2006,0,0,5,6,0,0,0,4,4,8,0,0,0,6,0,8,2,10,0,0,0,0,8,0,0,0,0,0,10,80,4,0,0,0,0,0,0,0,10
G. FISICHELLA,28,2006,1,0,3,6,0,0,5,5,6,3,0,0,0,3,0,0,3,5,6,0,0,6,3,0,0,0,0,0,72,5,6,0,0,0,0,0,0,0,8
K. RAIKKONEN,52,2006,5,0,4,0,0,0,6,0,4,6,0,0,0,0,0,0,8,0,4,0,0,4,65,0,0,0,0,0,6,5,6,0,0,0,0,0,0,0,2
J. BUTTON,37,2006,3,0,0,0,0,0,0,0,5,10,0,0,0,5,0,4,5,5,6,0,0,56,7,0,0,0,0,0,0,0,2,0,0,0,0,0,0,0,4
R. BARRICHELLO,85,2006,5,0,0,0,0,0,0,0,5,1,0,0,0,3,0,3,0,2,30,0,0,8,4,0,0,0,0,0,5,0,6,0,0,0,0,0,0,0,0
J. MONTOYA,41,2006,3,0,0,0,0,0,0,0,0,0,0,0,0,0,0,0,0,26,9,0,0,0,0,0,0,0,0,0,5,0,0,0,0,0,1,0,0,0,2
N. HEIDFELD,69,2006,2,0,0,1,0,0,6,0,1,2,0,0,0,1,0,0,23,10,0,0,0,1,6,0,0,0,0,0,0,0,0,0,0,0,1,0,0,0,0
R. SCHUMACHER,92,2006,0,0,5,0,0,0,2,0,0,2,0,0,0,0,0,20,11,0,0,0,0,0,0,0,0,0,0,0,0,0,0,0,0,0,0,0,0,0,0
P. de la ROSA,78,2006,2,0,0,8,0,0,0,4,0,1,0,0,0,19,0,12,0,0,0,0,0,0,0,0,0,0,0,0,0,0,0,0,0,0,3,0,0,0,5
J. TRULLI,43,2006,2,0,0,0,0,0,0,3,0,15,0,0,0,13,0,0,0,1,0,0,0,0,0,0,0,0,0,0,6,0,1,0,0,0,2,0,0,0,0
D. COULTHARD,16,2006,4,0,0,0,0,0,0,0,14,14,0,0,0,3,0,0,0,3,0,0,0,0,0,0,0,0,0,0,0,0,0,0,0,0,0,0,0,0,0
M. WEBBER,67,2006,0,0,0,1,0,0,0,7,15,0,0,0,0,2,0,3,0,1,0,0,0,0,1,0,0,0,0,0,0,0,0,0,0,0,0,0,0,0,0
J. VILLENEUVE,46,2006,0,0,0,0,0,0,7,16,0,0,0,0,0,0,0,0,0,0,0,0,0,0,0,0,0,0,0,0,0,0,0,0,0,0,0,0,0,0,0
R. KUBICA,90,2006,0,0,0,0,0,0,17,2,0,0,0,0,0,0,0,2,0,0,0,0,0,0,0,0,0,0,0,0,0,0,0,0,0,0,0,0,0,0,0
N. ROSBERG,74,2006,0,0,0,4,0,0,1,0,0,0,0,0,0,0,0,0,0,0,0,0,0,0,0,0,0,0,0,0,1,0,0,0,0,0,0,0,0,0,0
C. KLIEN,12,2006,0,0,2,19,0,0,0,0,0,0,0,0,0,0,0,0,0,0,1,0,0,0,0,0,0,0,0,0,0,0,0,0,0,0,0,0,0,0,0
V. LIUZZI,107,2006,1,0,20,0,0,0,0,0,0,0,0,0,0,0,0,0,0,0,0,0,0,0,0,0,0,0,0,0,0,0,0,0,0,0,0,0,0,0,0
S. SPEED,98,2006,21,0,0,0,0,0,0,0,0,0,0,0,0,0,0,0,0,0,0,0,0,0,0,0,0,0,0,0,0,0,0,0,0,0,0,0,0,0,0
T. MONTEIRO,104,2006,0,0,0,0,0,0,0,0,0,0,0,0,0,0,0,0,0,0,0,0,0,0,0,0,0,0,0,0,0,0,0,0,0,0,0,0,0,0,23
C. ALBERS,10,2006,0,0,0,0,0,0,0,0,0,0,0,0,0,0,0,0,0,0,0,0,0,0,0,0,0,0,0,0,0,0,0,0,0,0,24,0,0,0,0
T. SATO,105,2006,0,0,0,0,0,0,0,0,0,0,0,0,0,0,0,0,0,0,0,0,0,0,0,0,0,0,0,0,0,0,25,0,0,0,0,0,0,0,0
R. DOORNBOS,86,2006,0,0,0,0,0,0,0,0,0,0,0,0,0,0,0,0,0,0,0,0,0,0,0,0,0,0,0,0,0,26,0,0,0,0,0,0,0,0,0
Y. IDE,110,2006,0,0,0,0,0,0,0,0,0,0,0,0,0,0,0,0,0,0,0,0,0,0,0,0,0,0,0,0,27,0,0,0,0,0,0,0,0,0,0
K. RAIKKONEN,52,2007,10,0,6,6,0,0,1,4,5,10,0,0,0,10,0,0,8,8,6,0,0,10,6,0,0,0,0,0,10,10,110,0,0,0,2,0,0,0,6
L. HAMILTON,55,2007,8,0,8,8,0,0,10,6,6,0,0,0,0,10,0,4,8,5,10,0,0,0,2,0,0,0,0,0,109,3,8,0,0,0,10,0,0,0,4
F. ALONSO,24,2007,10,0,2,8,0,0,8,10,5,6,0,0,0,10,0,6,0,8,6,0,0,109,4,0,0,0,0,0,3,4,10,0,0,0,10,0,0,0,6
F. MASSA,26,2007,6,0,8,4,0,0,0,10,0,8,0,0,0,3,0,6,8,94,5,0,0,5,5,0,0,0,0,0,5,0,3,0,0,0,8,0,0,0,0
N. HEIDFELD,69,2007,3,0,3,6,0,0,5,4,0,2,0,0,0,3,0,61,6,0,0,0,0,3,5,0,0,0,0,0,4,0,0,0,0,0,5,0,0,0,5
R. KUBICA,90,2007,4,0,1,4,0,0,2,0,4,39,0,0,0,7,0,0,1,0,2,0,0,0,5,0,0,0,0,0,4,0,2,0,0,0,1,0,0,0,1
H. KOVALAINEN,33,2007,2,0,1,8,0,0,0,30,8,4,0,0,0,3,0,1,0,5,0,0,0,0,3,0,0,0,0,0,1,0,0,0,0,0,0,0,0,0,0
G. FISICHELLA,28,2007,4,0,0,0,0,0,9,2,0,0,0,0,0,3,0,0,0,0,0,0,0,0,0,0,0,0,0,0,2,2,3,0,0,0,3,0,0,0,0
N. ROSBERG,74,2007,5,0,20,10,0,0,0,0,4,0,0,0,0,0,0,0,0,0,4,0,0,0,0,0,0,0,0,0,0,0,5,0,0,0,1,0,0,0,0
D. COULTHARD,16,2007,11,0,0,0,0,0,0,2,6,0,0,0,0,0,0,0,5,0,0,0,0,0,0,0,0,0,0,0,0,0,0,0,0,0,13,0,0,0,12
A. WURZ,7,2007,0,0,0,0,0,0,0,2,0,0,0,0,0,6,0,0,0,0,2,0,0,0,0,0,0,0,0,0,0,10,13,0,0,0,0,0,0,0,2
M. WEBBER,67,2007,0,0,0,0,0,0,0,0,0,0,0,0,0,0,0,0,0,0,0,0,0,1,8,0,0,0,0,0,14,0,0,0,0,0,0,0,0,0,0
J. TRULLI,43,2007,0,0,1,0,0,0,0,0,0,0,0,0,0,0,0,0,5,0,6,0,0,15,0,0,0,0,0,0,0,0,0,0,0,0,0,0,0,0,0
S. VETTEL,100,2007,1,0,0,0,0,0,0,1,0,0,0,0,0,4,0,0,6,16,1,0,0,0,0,0,0,0,0,0,0,0,1,0,0,0,0,0,0,0,0
J. BUTTON,37,2007,0,0,3,0,0,0,0,0,0,0,0,0,0,5,0,17,0,0,0,0,0,1,0,0,0,0,0,0,3,0,0,0,0,0,0,0,0,0,0
R. SCHUMACHER,92,2007,0,0,0,0,0,0,0,0,4,18,0,0,0,0,0,0,0,0,0,0,0,0,0,0,0,0,0,0,0,0,0,0,0,0,0,0,0,0,0
T. SATO,105,2007,0,0,0,3,0,0,3,19,0,0,0,0,0,0,0,0,0,0,0,0,0,0,0,0,0,0,0,0,0,0,0,0,0,0,0,0,0,0,0
V. LIUZZI,107,2007,0,0,0,1,0,0,0,0,0,0,0,0,0,0,0,0,0,0,0,0,0,0,0,0,0,0,0,0,0,0,0,0,0,0,0,0,0,0,0
A. SUTIL,6,2007,0,0,21,0,0,0,0,0,0,0,0,0,0,0,0,0,0,0,0,0,0,0,0,0,0,0,0,0,0,0,0,0,0,0,0,0,0,0,0
S. SPEED,98,2007,0,0,0,0,0,0,0,0,0,0,0,0,0,0,0,0,0,0,0,0,0,0,0,0,0,0,0,0,0,0,0,0,0,0,23,0,0,0,0
R. BARRICHELLO,85,2007,0,0,0,0,0,0,0,0,0,0,0,0,0,0,0,0,0,0,0,0,0,0,0,0,0,0,0,0,0,24,0,0,0,0,0,0,0,0,0
K. NAKAJIMA,51,2007,0,0,0,0,0,0,0,0,0,0,0,0,0,0,0,0,0,0,0,0,0,0,25,0,0,0,0,0,0,0,0,0,0,0,0,0,0,0,0
L. HAMILTON,55,2008,10,0,4,0,0,0,8,10,0,0,0,0,0,10,0,10,4,8,6,0,0,2,6,0,0,0,0,0,0,10,4,0,0,0,98,0,0,0,2
F. MASSA,26,2008,0,0,10,8,0,0,6,4,10,0,0,0,0,6,0,0,10,10,3,0,0,0,2,0,0,0,0,0,8,10,97,0,0,0,3,0,0,0,1
K. RAIKKONEN,52,2008,8,0,10,6,0,0,0,8,5,3,0,0,0,6,0,0,0,0,0,0,0,6,6,0,0,0,0,0,6,75,4,0,0,0,0,0,0,0,8
R. KUBICA,90,2008,5,0,5,8,0,0,4,0,2,1,0,0,0,6,0,3,6,0,8,0,0,3,0,0,0,0,0,0,75,5,5,0,0,0,1,0,0,0,0
F. ALONSO,24,2008,3,0,0,0,0,0,3,0,5,0,0,0,0,5,0,5,10,10,5,0,0,8,61,0,0,0,0,0,6,8,3,0,0,0,5,0,0,0,0
N. HEIDFELD,69,2008,0,0,8,0,0,0,5,0,0,8,0,0,0,4,0,3,0,4,0,0,0,60,7,0,0,0,0,0,4,6,4,0,0,0,0,0,0,0,0
H. KOVALAINEN,33,2008,0,0,5,4,0,0,10,5,0,8,0,0,0,0,0,0,0,2,53,0,0,8,0,0,0,0,0,0,0,0,0,0,0,0,0,0,0,0,4
S. VETTEL,100,2008,0,0,0,1,0,0,3,4,10,4,0,0,0,3,0,0,5,35,9,0,0,0,5,0,0,0,0,0,3,1,0,0,0,0,0,0,0,0,3
J. TRULLI,43,2008,2,0,0,2,0,0,0,0,0,4,0,0,0,0,0,1,31,10,0,0,0,0,0,0,0,0,0,0,0,0,0,0,0,0,5,0,0,0,0
T. GLOCK,102,2008,0,0,8,2,0,0,0,5,0,2,0,0,0,3,0,25,11,0,2,0,0,2,4,0,0,0,0,0,2,5,0,0,0,0,3,0,0,0,0
M. WEBBER,67,2008,0,0,0,1,0,0,0,1,0,0,0,0,0,21,0,12,0,0,0,0,0,0,0,0,0,0,0,0,0,0,2,0,0,0,0,0,0,0,8
N. PIQUET,73,2008,0,0,0,0,0,0,5,1,0,19,0,0,0,13,0,6,0,1,0,0,0,1,0,0,0,0,0,0,0,0,0,0,0,0,0,0,0,0,0
N. ROSBERG,74,2008,0,0,0,8,0,0,0,0,17,14,0,0,0,0,0,0,0,0,0,0,0,3,2,0,0,0,0,0,0,6,0,0,0,0,0,0,0,0,0
R. BARRICHELLO,85,2008,0,0,0,0,0,0,0,11,15,3,0,0,0,0,0,0,2,0,2,0,0,0,0,0,0,0,0,0,1,0,0,0,0,0,0,0,0,0,0
K. NAKAJIMA,51,2008,1,0,0,0,0,0,9,16,0,0,0,0,0,0,0,0,0,0,6,0,0,0,0,0,0,0,0,0,0,0,0,0,0,0,0,0,0,0,0
D. COULTHARD,16,2008,0,0,0,0,0,0,17,2,0,0,0,0,0,0,0,0,0,0,0,0,0,0,0,0,0,0,0,0,0,0,2,0,0,0,0,0,0,0,0
S. BOURDAIS,94,2008,0,0,0,4,0,0,0,0,0,3,0,0,0,0,0,0,0,0,0,0,0,0,0,0,0,0,0,0,0,0,0,0,0,0,0,0,0,0,0
J. BUTTON,37,2008,0,0,3,19,0,0,0,0,0,0,0,0,0,0,0,0,0,0,0,0,0,0,0,0,0,0,0,0,0,0,0,0,0,0,0,0,0,0,0
G. FISICHELLA,28,2008,0,0,20,0,0,0,0,0,0,0,0,0,0,0,0,0,0,0,0,0,0,0,0,0,0,0,0,0,0,0,0,0,0,0,0,0,0,0,0
A. SUTIL,6,2008,21,0,0,0,0,0,0,0,0,0,0,0,0,0,0,0,0,0,0,0,0,0,0,0,0,0,0,0,0,0,0,0,0,0,0,0,0,0,0
J. BUTTON,37,2009,10,0,5,6,0,0,10,10,10,3,0,0,0,4,0,2,2,0,8,0,0,4,1,0,0,0,0,0,4,6,95,0,0,0,2,0,0,0,0
S. VETTEL,100,2009,10,0,8,5,0,0,6,10,8,0,0,0,0,0,0,6,1,5,10,0,0,5,10,0,0,0,0,0,84,3,8,0,0,0,2,0,0,0,5
R. BARRICHELLO,85,2009,8,0,8,0,0,0,3,0,10,2,0,0,0,10,0,3,2,1,5,0,0,77,4,0,0,0,0,0,0,,8,0,0,0,0,0,0,0,6
M. WEBBER,67,2009,8,0,8,10,0,0,0,0,0,0,0,0,0,0,0,10,8,69.5,5,0,0,0,1,0,0,0,0,0,3,5,0,0,0,0,0,0,0,0,0
L. HAMILTON,55,2009,0,0,10,8,0,0,0,10,6,6,0,0,0,0,0,49,6,0,0,0,0,0,3,0,0,0,0,0,0,6,0,0,0,0,1,0,0,0,0
K. RAIKKONEN,52,2009,6,0,10,6,0,0,5,3,0,48,0,0,0,7,0,3,,0,0,0,0,1,3,0,0,0,0,0,4,4,5,0,0,0,5,0,0,0,4
N. ROSBERG,74,2009,0,0,0,4,0,0,0,34.5,8,6,0,0,0,,0,0,6,0,0,0,0,5,2,0,0,0,0,0,0,1,0,0,0,0,0,0,0,0,0
J. TRULLI,43,2009,8,0,0,2,0,0,9,4,0,0,0,0,0,1,0,4,2,0,0,0,0,2,0,0,0,0,0,0,3,0,4,0,0,0,6,0,0,0,0
F. ALONSO,24,2009,0,0,26,10,0,0,3,2,2,0,0,0,0,0,0,1,0,0,3,0,0,0,0,0,0,0,0,0,0,8,0,0,0,0,0,0,0,0,0
T. GLOCK,102,2009,11,0,0,0,0,0,0,3,5,3,0,0,0,5,0,6,0,0,0,0,0,0,0,0,0,0,0,0,0,0,0,0,0,0,22,0,0,0,12
F. MASSA,26,2009,0,0,4,0,0,0,0,0,0,1,0,0,0,4,0,5,3,3,2,0,0,0,0,0,0,0,0,0,0,22,13,0,0,0,0,0,0,0,4
H. KOVALAINEN,33,2009,0,0,2,0,0,0,0,0,0,0,0,0,0,4,0,2,0,3,0,0,0,4,19,0,0,0,0,0,14,0,0,0,0,0,0,0,0,0,0
N. HEIDFELD,69,2009,0,0,2,0,0,0,0,1,5,0,0,0,0,1,0,0,8,0,17,0,0,15,0,0,0,0,0,0,0,0,0,0,0,0,0,0,0,0,0
R. KUBICA,90,2009,0,0,0,0,0,0,8,0,0,0,0,0,0,0,0,0,8,16,2,0,0,0,1,0,0,0,0,0,0,0,0,0,0,0,0,0,0,0,0
G. FISICHELLA,28,2009,0,0,0,0,0,0,0,0,2,1,0,0,0,6,0,17,0,0,0,0,0,0,0,0,0,0,0,0,0,0,0,0,0,0,0,0,0,0,0
S. BUEMI,95,2009,0,0,5,0,0,0,0,0,5,18,0,0,0,0,0,0,0,0,0,0,0,0,0,0,0,0,0,0,0,0,0,0,0,0,0,0,0,0,0
A. SUTIL,6,2009,0,0,0,0,0,0,3,19,1,0,0,0,0,0,0,0,0,1,0,0,0,0,0,0,0,0,0,0,0,0,0,0,0,0,0,0,0,0,0
K. KOBAYASHI,49,2009,0,0,0,2,0,0,0,0,0,0,0,0,0,0,0,0,0,0,0,0,0,0,0,0,0,0,0,0,0,0,0,0,0,0,0,0,0,0,0
S. BOURDAIS,94,2009,0,0,21,0,0,0,0,0,0,0,0,0,0,0,0,0,0,0,0,0,0,0,0,0,0,0,0,0,0,0,0,0,0,0,0,0,0,0,0
K. NAKAJIMA,51,2009,0,0,0,0,0,0,0,0,0,0,0,0,0,0,0,0,0,0,0,0,0,0,0,0,0,0,0,0,0,0,0,0,0,0,23,0,0,0,0
N. PIQUET,73,2009,0,0,0,0,0,0,0,0,0,0,0,0,0,0,0,0,0,0,0,0,0,0,0,0,0,0,0,0,0,24,0,0,0,0,0,0,0,0,0
V. LIUZZI,107,2009,0,0,0,0,0,0,0,0,0,0,0,0,0,0,0,0,0,0,0,0,0,0,25,0,0,0,0,0,0,0,0,0,0,0,0,0,0,0,0
S. VETTEL,100,2010,12,0,0,25,0,0,15,18,0,12,0,0,0,25,0,6,15,15,0,0,0,12,18,0,0,0,0,0,25,0,25,0,0,0,25,0,0,0,256
F. ALONSO,24,2010,25,0,12,0,0,0,18,8,4,15,0,0,0,4,0,0,25,18,0,0,0,25,25,0,0,0,0,0,15,25,15,0,0,0,6,0,0,0,252
M. WEBBER,67,2010,4,0,2,18,0,0,25,25,15,10,0,0,0,0,0,25,8,25,18,0,0,8,15,0,0,0,0,0,18,0,18,0,0,0,4,0,0,0,242
L. HAMILTON,55,2010,15,0,8,8,0,0,0,10,25,25,0,0,0,18,0,18,12,0,25,0,0,0,0,0,0,0,0,0,10,18,12,0,0,0,18,0,0,0,240
J. BUTTON,37,2010,6,0,25,4,0,0,10,0,18,18,0,0,0,15,0,12,10,4,0,0,0,18,12,0,0,0,0,0,12,0,10,0,0,0,15,0,0,0,214
F. MASSA,26,2010,18,0,15,6,0,0,8,12,6,0,0,0,0,0,0,0,18,12,12,0,0,15,4,0,0,0,0,0,0,15,0,0,0,0,1,0,0,0,144
N. ROSBERG,74,2010,10,0,10,15,0,0,0,6,10,8,0,0,0,1,0,15,4,0,8,0,0,10,10,0,0,0,0,0,0,0,8,0,0,0,12,0,0,0,142
R. KUBICA,90,2010,0,0,18,12,0,0,4,15,8,6,0,0,0,10,0,0,6,0,15,0,0,4,6,0,0,0,0,0,0,10,2,0,0,0,10,0,0,0,136
M. SCHUMACHER,65,2010,8,0,1,0,0,0,12,0,12,0,0,0,0,0,0,2,2,0,6,0,0,2,0,0,0,0,0,0,8,12,6,0,0,0,0,0,0,0,72
R. BARRICHELLO,85,2010,1,0,4,0,0,0,2,0,0,0,0,0,0,12,0,10,0,1,0,0,0,1,8,0,0,0,0,0,2,6,0,0,0,0,0,0,0,0,47
A. SUTIL,6,2010,0,0,0,10,0,0,6,4,2,1,0,0,0,8,0,4,0,0,10,0,0,0,2,0,0,0,0,0,0,0,0,0,0,0,0,0,0,0,47
K. KOBAYASHI,49,2010,0,0,0,0,0,0,0,0,1,0,0,0,0,6,0,8,0,2,4,0,0,0,0,0,0,0,0,0,6,4,1,0,0,0,0,0,0,0,32
V. PETROV,108,2010,0,0,0,0,0,0,0,0,0,0,0,0,0,0,0,0,1,10,2,0,0,0,0,0,0,0,0,0,0,0,0,0,0,0,8,0,0,0,27
N. HULKENBERG,70,2010,0,0,0,1,0,0,0,0,0,0,0,0,0,0,0,1,0,8,0,0,0,6,1,0,0,0,0,0,0,1,4,0,0,0,0,0,0,0,22
V. LIUZZI,107,2010,2,0,6,0,0,0,0,2,0,2,0,0,0,0,0,0,0,0,1,0,0,0,0,0,0,0,0,0,0,8,0,0,0,0,0,0,0,0,21
S. BUEMI,95,2010,0,0,0,0,0,0,0,1,0,4,0,0,0,2,0,0,0,0,0,0,0,0,0,0,0,0,0,0,1,0,0,0,0,0,0,0,0,0,8
P. de la ROSA,78,2010,0,0,0,0,0,0,0,0,0,0,0,0,0,0,0,0,0,6,0,0,0,0,0,0,0,0,0,0,0,0,0,0,0,0,0,0,0,0,6
N. HEIDFELD,69,2010,0,0,0,0,0,0,0,0,0,0,0,0,0,0,0,0,0,0,0,0,0,0,0,0,0,0,0,0,4,2,0,0,0,0,0,0,0,0,6
J. ALGUERSUARI,35,2010,0,0,0,2,0,0,1,0,0,0,0,0,0,0,0,0,0,0,0,0,0,0,0,0,0,0,0,0,0,0,0,0,0,0,2,0,0,0,5
H. KOVALAINEN,33,2010,0,0,0,0,0,0,0,0,0,0,0,0,0,0,0,0,0,0,0,0,0,0,0,0,0,0,0,0,0,0,0,0,0,0,0,0,0,0,0
J. TRULLI,43,2010,0,0,0,0,0,0,0,0,0,0,0,0,0,0,0,0,0,0,0,0,0,0,0,0,0,0,0,0,0,0,0,0,0,0,0,0,0,0,0
K. CHANDHOK,48,2010,0,0,0,0,0,0,0,0,0,0,0,0,0,0,0,0,0,0,0,0,0,0,0,0,0,0,0,0,0,0,0,0,0,0,0,0,0,0,0
B. SENNA,9,2010,0,0,0,0,0,0,0,0,0,0,0,0,0,0,0,0,0,0,0,0,0,0,0,0,0,0,0,0,0,0,0,0,0,0,0,0,0,0,0
L. di GRASSI,54,2010,0,0,0,0,0,0,0,0,0,0,0,0,0,0,0,0,0,0,0,0,0,0,0,0,0,0,0,0,0,0,0,0,0,0,0,0,0,0,0
T. GLOCK,102,2010,0,0,0,0,0,0,0,0,0,0,0,0,0,0,0,0,0,0,0,0,0,0,0,0,0,0,0,0,0,0,0,0,0,0,0,0,0,0,0
S. YAMAMOTO,101,2010,0,0,0,0,0,0,0,0,0,0,0,0,0,0,0,0,0,0,0,0,0,0,0,0,0,0,0,0,0,0,0,0,0,0,0,0,0,0,0
C. KLIEN,12,2010,0,0,0,0,0,0,0,0,0,0,0,0,0,0,0,0,0,0,0,0,0,0,0,0,0,0,0,0,0,0,0,0,0,0,0,0,0,0,0
S. VETTEL,100,2011,25,0,25,18,0,0,25,25,18,25,0,0,0,18,0,12,18,25,25,0,0,25,15,0,0,0,0,0,25,25,0,0,0,0,18,0,0,0,392
J. BUTTON,37,2011,8,0,18,12,0,0,15,15,25,8,0,0,0,0,0,0,25,15,18,0,0,18,25,0,0,0,0,0,12,18,15,0,0,0,15,0,0,0,270
M. WEBBER,67,2011,10,0,12,15,0,0,12,12,15,15,0,0,0,15,0,15,10,18,0,0,0,15,12,0,0,0,0,0,15,12,12,0,0,0,25,0,0,0,258
F. ALONSO,24,2011,12,0,8,6,0,0,10,18,0,18,0,0,0,25,0,18,15,12,15,0,0,12,18,0,0,0,0,0,10,15,18,0,0,0,12,0,0,0,257
L. HAMILTON,55,2011,18,0,4,25,0,0,18,8,0,12,0,0,0,12,0,25,12,0,12,0,0,10,10,0,0,0,0,0,18,6,25,0,0,0,0,0,0,0,227
F. MASSA,26,2011,6,0,10,8,0,0,0,0,8,10,0,0,0,10,0,10,8,4,8,0,0,2,6,0,0,0,0,0,8,0,10,0,0,0,10,0,0,0,118
N. ROSBERG,74,2011,0,0,0,10,0,0,6,0,0,6,0,0,0,8,0,6,2,8,0,0,0,6,1,0,0,0,0,0,4,8,8,0,0,0,6,0,0,0,89
M. SCHUMACHER,65,2011,0,0,2,4,0,0,8,0,12,0,0,0,0,2,0,4,0,10,10,0,0,0,8,0,0,0,0,0,0,10,6,0,0,0,0,0,0,0,76
A. SUTIL,6,2011,2,0,0,0,0,0,0,6,0,2,0,0,0,0,0,8,0,6,0,0,0,4,0,0,0,0,0,0,0,2,4,0,0,0,8,0,0,0,42
V. PETROV,108,2011,15,0,0,2,0,0,0,0,10,0,0,0,0,0,0,1,0,2,0,0,0,0,2,0,0,0,0,0,0,0,0,0,0,0,1,0,0,0,37
N. HEIDFELD,69,2011,0,0,15,0,0,0,4,4,0,1,0,0,0,4,0,0,0,0,0,0,0,0,0,0,0,0,0,0,0,0,0,0,0,0,0,0,0,0,34
K. KOBAYASHI,49,2011,0,0,6,1,0,0,1,10,6,0,0,0,0,0,0,2,0,0,0,0,0,0,0,0,0,0,0,0,0,0,1,0,0,0,2,0,0,0,30
P. di RESTA,79,2011,1,0,1,0,0,0,0,0,0,0,0,0,0,0,0,0,6,0,4,0,0,8,0,0,0,0,0,0,1,0,2,0,0,0,4,0,0,0,27
J. ALGUERSUARI,35,2011,0,0,0,0,0,0,0,0,4,4,0,0,0,1,0,0,1,0,6,0,0,0,0,0,0,0,0,0,6,4,0,0,0,0,0,0,0,0,26
S. BUEMI,95,2011,4,0,0,0,0,0,0,1,1,0,0,0,0,0,0,0,4,0,1,0,0,0,0,0,0,0,0,0,2,0,0,0,0,0,0,0,0,0,15
S. PEREZ,96,2011,0,0,0,0,0,0,2,0,0,0,0,0,0,6,0,0,0,0,0,0,0,1,4,0,0,0,0,0,0,1,0,0,0,0,0,0,0,0,14
R. BARRICHELLO,85,2011,0,0,0,0,0,0,0,2,2,0,0,0,0,0,0,0,0,0,0,0,0,0,0,0,0,0,0,0,0,0,0,0,0,0,0,0,0,0,4
B. SENNA,9,2011,0,0,0,0,0,0,0,0,0,0,0,0,0,0,0,0,0,0,2,0,0,0,0,0,0,0,0,0,0,0,0,0,0,0,0,0,0,0,2
P. MALDONADO,83,2011,0,0,0,0,0,0,0,0,0,0,0,0,0,0,0,0,0,1,0,0,0,0,0,0,0,0,0,0,0,0,0,0,0,0,0,0,0,0,1
P. de la ROSA,78,2011,0,0,0,0,0,0,0,0,0,0,0,0,0,0,0,0,0,0,0,0,0,0,0,0,0,0,0,0,0,0,0,0,0,0,0,0,0,0,0
J. TRULLI,43,2011,0,0,0,0,0,0,0,0,0,0,0,0,0,0,0,0,0,0,0,0,0,0,0,0,0,0,0,0,0,0,0,0,0,0,0,0,0,0,0
H. KOVALAINEN,33,2011,0,0,0,0,0,0,0,0,0,0,0,0,0,0,0,0,0,0,0,0,0,0,0,0,0,0,0,0,0,0,0,0,0,0,0,0,0,0,0
V. LIUZZI,107,2011,0,0,0,0,0,0,0,0,0,0,0,0,0,0,0,0,0,0,0,0,0,0,0,0,0,0,0,0,0,0,0,0,0,0,0,0,0,0,0
J. d'AMBROSIO,38,2011,0,0,0,0,0,0,0,0,0,0,0,0,0,0,0,0,0,0,0,0,0,0,0,0,0,0,0,0,0,0,0,0,0,0,0,0,0,0,0
T. GLOCK,102,2011,0,0,0,0,0,0,0,0,0,0,0,0,0,0,0,0,0,0,0,0,0,0,0,0,0,0,0,0,0,0,0,0,0,0,0,0,0,0,0
N. KARTHIKEYAN,71,2011,0,0,0,0,0,0,0,0,0,0,0,0,0,0,0,0,0,0,0,0,0,0,0,0,0,0,0,0,0,0,0,0,0,0,0,0,0,0,0
D. RICCIARDO,18,2011,0,0,0,0,0,0,0,0,0,0,0,0,0,0,0,0,0,0,0,0,0,0,0,0,0,0,0,0,0,0,0,0,0,0,0,0,0,0,0
K. CHANDHOK,48,2011,0,0,0,0,0,0,0,0,0,0,0,0,0,0,0,0,0,0,0,0,0,0,0,0,0,0,0,0,0,0,0,0,0,0,0,0,0,0,0
S. VETTEL,100,2012,18,0,0,10,0,25,8,12,12,0,0,0,0,15,0,10,12,18,0,0,0,25,25,0,0,0,0,0,25,25,15,0,0,18,8,0,0,0,281
F. ALONSO,24,2012,10,0,25,2,0,6,18,15,10,25,0,0,0,18,0,25,10,0,15,0,0,15,0,0,0,0,0,0,15,18,18,0,0,15,18,0,0,0,278
K. RAIKKONEN,52,2012,6,0,10,0,0,18,15,2,4,18,0,0,0,10,0,15,18,15,10,0,0,8,8,0,0,0,0,0,10,6,25,0,0,8,1,0,0,0,207
L. HAMILTON,55,2012,15,0,15,15,0,4,4,10,25,0,0,0,0,4,0,0,25,0,25,0,0,0,10,0,0,0,0,0,1,12,0,0,0,25,0,0,0,0,190
J. BUTTON,37,2012,25,0,0,18,0,0,2,0,0,4,0,0,0,1,0,18,8,25,0,0,0,18,12,0,0,0,0,0,0,10,12,0,0,10,25,0,0,0,188
M. WEBBER,67,2012,12,0,12,12,0,12,0,25,6,12,0,0,0,25,0,4,4,8,0,0,0,0,2,0,0,0,0,0,18,15,0,0,0,0,12,0,0,0,179
F. MASSA,26,2012,0,0,0,0,0,2,0,8,1,0,0,0,0,12,0,0,2,10,12,0,0,4,18,0,0,0,0,0,12,8,6,0,0,12,15,0,0,0,122
R. GROSJEAN,88,2012,0,0,0,8,0,15,12,0,18,0,0,0,0,8,0,0,15,0,0,0,0,6,0,0,0,0,0,0,6,2,0,0,0,6,0,0,0,0,96
N. ROSBERG,74,2012,0,0,0,25,0,10,6,18,8,8,0,0,0,0,0,1,1,0,6,0,0,10,0,0,0,0,0,0,0,0,0,0,0,0,0,0,0,0,93
S. PEREZ,96,2012,4,0,18,0,0,0,0,0,15,2,0,0,0,0,0,8,0,0,18,0,0,1,0,0,0,0,0,0,0,0,0,0,0,0,0,0,0,0,66
N. HULKENBERG,70,2012,0,0,2,0,0,0,1,4,0,10,0,0,0,0,0,2,0,12,0,0,0,0,6,0,0,0,0,0,8,4,0,0,0,4,10,0,0,0,63
K. KOBAYASHI,49,2012,8,0,0,1,0,0,10,0,2,0,0,0,0,0,0,12,0,0,2,0,0,0,15,0,0,0,0,0,0,0,8,0,0,0,2,0,0,0,60
M. SCHUMACHER,65,2012,0,0,1,0,0,1,0,0,0,15,0,0,0,6,0,6,0,6,8,0,0,0,0,0,0,0,0,0,0,0,0,0,0,0,6,0,0,0,49
P. di RESTA,79,2012,1,0,6,0,0,8,0,6,0,6,0,0,0,0,0,0,0,1,4,0,0,12,0,0,0,0,0,0,0,0,2,0,0,0,0,0,0,0,46
P. MALDONADO,83,2012,0,0,0,4,0,0,25,0,0,0,0,0,0,0,0,0,0,0,0,0,0,0,4,0,0,0,0,0,0,0,10,0,0,2,0,0,0,0,45
B. SENNA,9,2012,0,0,8,6,0,0,0,1,0,1,0,0,0,2,0,0,6,0,1,0,0,0,0,0,0,0,0,0,0,1,4,0,0,1,0,0,0,0,31
J. VERGNE,44,2012,0,0,4,0,0,0,0,0,0,0,0,0,0,0,0,0,0,4,0,0,0,0,0,0,0,0,0,0,4,0,0,0,0,0,4,0,0,0,16
D. RICCIARDO,18,2012,2,0,0,0,0,0,0,0,0,0,0,0,0,0,0,0,0,2,0,0,0,2,1,0,0,0,0,0,2,0,1,0,0,0,0,0,0,0,10
V. PETROV,108,2012,0,0,0,0,0,0,0,0,0,0,0,0,0,0,0,0,0,0,0,0,0,0,0,0,0,0,0,0,0,0,0,0,0,0,0,0,0,0,0
T. GLOCK,102,2012,0,0,0,0,0,0,0,0,0,0,0,0,0,0,0,0,0,0,0,0,0,0,0,0,0,0,0,0,0,0,0,0,0,0,0,0,0,0,0
C. PIC,14,2012,0,0,0,0,0,0,0,0,0,0,0,0,0,0,0,0,0,0,0,0,0,0,0,0,0,0,0,0,0,0,0,0,0,0,0,0,0,0,0
H. KOVALAINEN,33,2012,0,0,0,0,0,0,0,0,0,0,0,0,0,0,0,0,0,0,0,0,0,0,0,0,0,0,0,0,0,0,0,0,0,0,0,0,0,0,0
J. d'AMBROSIO,38,2012,0,0,0,0,0,0,0,0,0,0,0,0,0,0,0,0,0,0,0,0,0,0,0,0,0,0,0,0,0,0,0,0,0,0,0,0,0,0,0
N. KARTHIKEYAN,71,2012,0,0,0,0,0,0,0,0,0,0,0,0,0,0,0,0,0,0,0,0,0,0,0,0,0,0,0,0,0,0,0,0,0,0,0,0,0,0,0
P. de la ROSA,78,2012,0,0,0,0,0,0,0,0,0,0,0,0,0,0,0,0,0,0,0,0,0,0,0,0,0,0,0,0,0,0,0,0,0,0,0,0,0,0,0
S. VETTEL,100,2013,15,0,25,12,0,25,12,18,25,0,0,0,0,0,0,25,15,25,25,0,0,25,25,0,0,0,0,0,25,25,25,0,0,25,25,0,0,0,397
F. ALONSO,24,2013,18,0,0,25,0,4,25,6,18,0,0,0,0,15,0,12,10,18,18,0,0,18,12,0,0,0,0,0,8,0,10,0,0,10,15,0,0,0,242
M. WEBBER,67,2013,8,0,18,0,0,6,10,15,12,0,0,0,0,18,0,6,12,10,15,0,0,0,18,0,0,0,0,0,0,0,18,0,0,15,18,0,0,0,199
L. HAMILTON,55,2013,10,0,15,15,0,10,0,12,15,0,0,0,0,12,0,10,25,15,2,0,0,10,0,0,0,0,0,0,10,8,6,0,0,12,2,0,0,0,189
K. RAIKKONEN,52,2013,25,0,6,18,0,18,18,1,2,0,0,0,0,10,0,18,18,0,0,0,0,15,10,0,0,0,0,0,18,6,0,0,0,0,0,0,0,0,183
N. ROSBERG,74,2013,0,0,12,0,0,2,8,25,10,0,0,0,0,25,0,2,0,12,8,0,0,12,4,0,0,0,0,0,6,18,15,0,0,2,10,0,0,0,171
R. GROSJEAN,88,2013,1,0,8,2,0,15,0,0,0,0,0,0,0,0,0,15,8,4,4,0,0,0,15,0,0,0,0,0,15,15,12,0,0,18,0,0,0,0,132
F. MASSA,26,2013,12,0,10,8,0,0,15,0,4,0,0,0,0,8,0,0,4,6,12,0,0,8,1,0,0,0,0,0,2,12,4,0,0,0,6,0,0,0,112
J. BUTTON,37,2013,2,0,0,10,0,1,4,8,0,0,0,0,0,0,0,8,6,8,1,0,0,6,2,0,0,0,0,0,4,0,0,0,0,1,12,0,0,0,73
N. HULKENBERG,70,2013,0,0,4,1,0,0,0,0,0,0,0,0,0,1,0,1,0,0,10,0,0,2,8,0,0,0,0,0,12,0,0,0,0,8,4,0,0,0,51
S. PEREZ,96,2013,0,0,2,0,0,8,2,0,0,0,0,0,0,0,0,4,2,0,0,0,0,4,0,0,0,0,0,0,1,10,2,0,0,6,8,0,0,0,49
P. di RESTA,79,2013,4,0,0,4,0,12,6,2,6,0,0,0,0,2,0,0,0,0,0,0,0,0,0,0,0,0,0,0,0,4,8,0,0,0,0,0,0,0,48
A. SUTIL,6,2013,6,0,0,0,0,0,0,10,1,0,0,0,0,6,0,0,0,2,0,0,0,1,0,0,0,0,0,0,0,2,1,0,0,0,0,0,0,0,29
D. RICCIARDO,18,2013,0,0,0,6,0,0,1,0,0,0,0,0,0,4,0,0,0,1,6,0,0,0,0,0,0,0,0,0,0,1,0,0,0,0,1,0,0,0,20
J. VERGNE,44,2013,0,0,1,0,0,0,0,4,8,0,0,0,0,0,0,0,0,0,0,0,0,0,0,0,0,0,0,0,0,0,0,0,0,0,0,0,0,0,13
E. GUTIERREZ,21,2013,0,0,0,0,0,0,0,0,0,0,0,0,0,0,0,0,0,0,0,0,0,0,6,0,0,0,0,0,0,0,0,0,0,0,0,0,0,0,6
V. BOTTAS,106,2013,0,0,0,0,0,0,0,0,0,0,0,0,0,0,0,0,0,0,0,0,0,0,0,0,0,0,0,0,0,0,0,0,0,4,0,0,0,0,4
P. MALDONADO,83,2013,0,0,0,0,0,0,0,0,0,0,0,0,0,0,0,0,1,0,0,0,0,0,0,0,0,0,0,0,0,0,0,0,0,0,0,0,0,0,1
J. BIANCHI,36,2013,0,0,0,0,0,0,0,0,0,0,0,0,0,0,0,0,0,0,0,0,0,0,0,0,0,0,0,0,0,0,0,0,0,0,0,0,0,0,0
C. PIC,14,2013,0,0,0,0,0,0,0,0,0,0,0,0,0,0,0,0,0,0,0,0,0,0,0,0,0,0,0,0,0,0,0,0,0,0,0,0,0,0,0
H. KOVALAINEN,33,2013,0,0,0,0,0,0,0,0,0,0,0,0,0,0,0,0,0,0,0,0,0,0,0,0,0,0,0,0,0,0,0,0,0,0,0,0,0,0,0
G. van der GARDE,30,2013,0,0,0,0,0,0,0,0,0,0,0,0,0,0,0,0,0,0,0,0,0,0,0,0,0,0,0,0,0,0,0,0,0,0,0,0,0,0,0
M. CHILTON,60,2013,0,0,0,0,0,0,0,0,0,0,0,0,0,0,0,0,0,0,0,0,0,0,0,0,0,0,0,0,0,0,0,0,0,0,0,0,0,0,0
L. HAMILTON,55,2014,0,0,25,25,0,25,25,18,0,0,0,0,18,18,0,25,15,15,0,0,0,25,25,0,0,0,0,0,25,25,25,0,0,18,50,0,0,0,384
N. ROSBERG,74,2014,25,0,18,18,0,18,18,25,18,0,0,0,25,25,0,0,25,12,18,0,0,18,18,0,0,0,0,0,0,18,18,0,0,25,0,0,0,0,317
D. RICCIARDO,18,2014,0,0,0,12,0,12,15,15,25,0,0,0,4,4,0,15,8,25,25,0,0,10,12,0,0,0,0,0,15,6,15,0,0,0,24,0,0,0,238
V. BOTTAS,106,2014,10,0,4,6,0,4,10,0,6,0,0,0,15,15,0,18,18,4,15,0,0,12,8,0,0,0,0,0,0,15,10,0,0,1,30,0,0,0,186
S. VETTEL,100,2014,0,0,15,10,0,8,12,0,15,0,0,0,0,0,0,10,12,6,10,0,0,8,15,0,0,0,0,0,18,4,6,0,0,10,8,0,0,0,167
F. ALONSO,24,2014,12,0,12,15,0,2,8,12,8,0,0,0,10,10,0,8,10,18,6,0,0,0,0,0,0,0,0,0,12,8,8,0,0,8,4,0,0,0,161
F. MASSA,26,2014,0,0,6,0,0,6,0,6,0,0,0,0,12,12,0,0,0,10,0,0,0,15,6,0,0,0,0,0,10,0,12,0,0,15,36,0,0,0,134
J. BUTTON,37,2014,15,0,8,0,0,0,0,8,12,0,0,0,0,0,0,12,4,1,8,0,0,4,10,0,0,0,0,0,0,12,0,0,0,12,20,0,0,0,126
N. HULKENBERG,70,2014,8,0,10,8,0,10,1,10,10,0,0,0,2,2,0,4,6,0,1,0,0,0,4,0,0,0,0,0,2,0,0,0,0,4,16,0,0,0,96
S. PEREZ,96,2014,1,0,0,2,0,15,2,0,0,0,0,0,8,8,0,0,1,0,4,0,0,6,1,0,0,0,0,0,6,1,0,0,0,0,12,0,0,0,59
K. MAGNUSSEN,50,2014,18,0,2,0,0,0,0,1,2,0,0,0,6,6,0,6,2,0,0,0,0,1,0,0,0,0,0,0,1,10,4,0,0,2,0,0,0,0,55
K. RAIKKONEN,52,2014,6,0,0,4,0,1,6,0,1,0,0,0,1,1,0,0,0,8,12,0,0,2,0,0,0,0,0,0,4,2,0,0,0,6,2,0,0,0,55
J. VERGNE,44,2014,4,0,0,0,0,0,0,0,4,0,0,0,0,0,0,1,0,2,0,0,0,0,2,0,0,0,0,0,8,0,1,0,0,0,0,0,0,0,22
R. GROSJEAN,88,2014,0,0,0,0,0,0,4,4,0,0,0,0,0,0,0,0,0,0,0,0,0,0,0,0,0,0,0,0,0,0,0,0,0,0,0,0,0,0,8
D. KVYAT,17,2014,2,0,1,1,0,0,0,0,0,0,0,0,0,0,0,2,0,0,2,0,0,0,0,0,0,0,0,0,0,0,0,0,0,0,0,0,0,0,8
P. MALDONADO,83,2014,0,0,0,0,0,0,0,0,0,0,0,0,0,0,0,0,0,0,0,0,0,0,0,0,0,0,0,0,0,0,2,0,0,0,0,0,0,0,2
J. BIANCHI,36,2014,0,0,0,0,0,0,0,2,0,0,0,0,0,0,0,0,0,0,0,0,0,0,0,0,0,0,0,0,0,0,0,0,0,0,0,0,0,0,2
A. SUTIL,6,2014,0,0,0,0,0,0,0,0,0,0,0,0,0,0,0,0,0,0,0,0,0,0,0,0,0,0,0,0,0,0,0,0,0,0,0,0,0,0,0
M. ERICSSON,61,2014,0,0,0,0,0,0,0,0,0,0,0,0,0,0,0,0,0,0,0,0,0,0,0,0,0,0,0,0,0,0,0,0,0,0,0,0,0,0,0
E. GUTIERREZ,21,2014,0,0,0,0,0,0,0,0,0,0,0,0,0,0,0,0,0,0,0,0,0,0,0,0,0,0,0,0,0,0,0,0,0,0,0,0,0,0,0
M. CHILTON,60,2014,0,0,0,0,0,0,0,0,0,0,0,0,0,0,0,0,0,0,0,0,0,0,0,0,0,0,0,0,0,0,0,0,0,0,0,0,0,0,0
K. KOBAYASHI,49,2014,0,0,0,0,0,0,0,0,0,0,0,0,0,0,0,0,0,0,0,0,0,0,0,0,0,0,0,0,0,0,0,0,0,0,0,0,0,0,0
W. STEVENS,109,2014,0,0,0,0,0,0,0,0,0,0,0,0,0,0,0,0,0,0,0,0,0,0,0,0,0,0,0,0,0,0,0,0,0,0,0,0,0,0,0
L. HAMILTON,55,2015,25,0,18,25,0,25,18,15,25,0,0,0,18,18,0,0,25,8,25,0,0,25,0,0,0,0,0,0,0,25,18,0,0,25,18,0,0,25,18
N. ROSBERG,74,2015,18,0,15,18,0,15,25,25,18,0,0,0,25,25,0,0,18,4,18,0,0,0,12,0,0,0,0,0,0,18,25,0,0,0,25,0,0,18,25
S. VETTEL,100,2015,15,0,25,15,0,10,15,18,10,0,0,0,12,12,0,0,15,25,0,0,0,18,25,0,0,0,0,0,0,6,15,0,0,18,0,0,0,15,12
K. RAIKKONEN,52,2015,0,0,12,12,0,18,10,8,12,0,0,0,0,0,0,0,4,0,6,0,0,10,15,0,0,0,0,0,0,15,12,0,0,4,0,0,0,0,15
V. BOTTAS,106,2015,0,0,10,8,0,12,12,0,15,0,0,0,10,10,0,0,10,0,2,0,0,12,10,0,0,0,0,0,0,4,10,0,0,0,15,0,0,0,0
F. MASSA,26,2015,12,0,8,10,0,1,8,0,8,0,0,0,15,15,0,0,12,0,8,0,0,15,0,0,0,0,0,0,0,8,0,0,0,12,8,0,0,0,4
D. KVYAT,17,2015,0,0,2,0,0,2,1,12,2,0,0,0,0,0,0,0,8,18,12,0,0,1,8,0,0,0,0,0,0,0,6,0,0,10,12,0,0,0,1
D. RICCIARDO,18,2015,8,0,1,2,0,8,6,10,0,0,0,0,1,1,0,0,0,15,0,0,0,4,18,0,0,0,0,0,0,12,0,0,0,0,10,0,0,1,8
S. PEREZ,96,2015,1,0,0,0,0,4,0,6,0,0,0,0,2,2,0,0,2,0,10,0,0,8,6,0,0,0,0,0,0,0,0,0,0,15,4,0,0,10,10
N. HULKENBERG,70,2015,6,0,0,0,0,0,0,0,4,0,0,0,8,8,0,0,6,0,0,0,0,6,0,0,0,0,0,0,0,1,8,0,0,0,6,0,0,0,6
R. GROSJEAN,88,2015,0,0,0,6,0,6,4,0,1,0,0,0,0,0,0,0,0,6,15,0,0,0,0,0,0,0,0,0,0,10,4,0,0,0,1,0,0,0,2
M. VERSTAPPEN,66,2015,0,0,6,0,0,0,0,0,0,0,0,0,4,4,0,0,0,12,4,0,0,0,4,0,0,0,0,0,0,2,2,0,0,1,2,0,0,12,0
F. NASR,27,2015,10,0,0,4,0,0,0,2,0,0,0,0,0,0,0,0,0,0,0,0,0,0,1,0,0,0,0,0,0,0,0,0,0,8,0,0,0,2,0
P. MALDONADO,83,2015,0,0,0,0,0,0,0,0,6,0,0,0,6,6,0,0,0,0,0,0,0,0,0,0,0,0,0,0,0,0,1,0,0,6,0,0,0,4,0
C. SAINZ,15,2015,2,0,4,0,0,0,2,1,0,0,0,0,0,0,0,0,0,0,0,0,0,0,2,0,0,0,0,0,0,0,0,0,0,0,0,0,0,6,0
J. BUTTON,37,2015,0,0,0,0,0,0,0,4,0,0,0,0,0,0,0,0,0,2,0,0,0,0,0,0,0,0,0,0,0,0,0,0,0,2,0,0,0,8,0
F. ALONSO,24,2015,0,0,0,0,0,0,0,0,0,0,0,0,0,0,0,0,1,10,0,0,0,0,0,0,0,0,0,0,0,0,0,0,0,0,0,0,0,0,0
M. ERICSSON,61,2015,4,0,0,1,0,0,0,0,0,0,0,0,0,0,0,0,0,1,1,0,0,2,0,0,0,0,0,0,0,0,0,0,0,0,0,0,0,0,0
R. MERHI,91,2015,0,0,0,0,0,0,0,0,0,0,0,0,0,0,0,0,0,0,0,0,0,0,0,0,0,0,0,0,0,0,0,0,0,0,0,0,0,0,0
A. ROSSI,5,2015,0,0,0,0,0,0,0,0,0,0,0,0,0,0,0,0,0,0,0,0,0,0,0,0,0,0,0,0,0,0,0,0,0,0,0,0,0,0,0
W. STEVENS,109,2015,0,0,0,0,0,0,0,0,0,0,0,0,0,0,0,0,0,0,0,0,0,0,0,0,0,0,0,0,0,0,0,0,0,0,0,0,0,0,0
N. ROSBERG,74,2016,25,0,25,25,0,0,0,6,10,25,0,0,25,12,0,18,15,12,25,0,0,25,15,25,0,0,0,0,0,25,18,0,0,25,18,0,0,18,18
L. HAMILTON,55,2016,18,0,15,6,0,0,0,25,25,10,0,0,10,25,0,25,25,25,15,0,0,18,0,18,0,0,0,0,0,18,25,0,0,15,25,0,0,25,25
D. RICCIARDO,18,2016,12,0,18,12,0,0,12,18,6,6,0,0,6,10,0,15,12,18,18,0,0,10,25,0,0,0,0,0,0,6,4,0,0,8,15,0,0,15,10
S. VETTEL,100,2016,15,0,10,18,0,0,15,12,18,18,0,0,18,0,0,12,2,10,8,0,0,15,0,0,0,0,0,0,0,15,10,0,0,12,10,0,0,12,15
M. VERSTAPPEN,66,2016,1,0,8,4,0,0,25,0,12,4,0,0,4,18,0,10,18,15,0,0,0,6,18,0,0,0,0,0,0,4,15,0,0,18,12,0,0,0,12
K. RAIKKONEN,52,2016,0,0,12,10,0,0,18,0,8,12,0,0,12,15,0,8,10,8,2,0,0,12,12,15,0,0,0,0,0,8,0,0,0,10,8,0,0,0,8
S. PEREZ,96,2016,0,0,4,0,0,0,6,15,1,15,0,0,15,0,0,0,8,1,10,0,0,4,8,2,0,0,0,0,0,0,12,0,0,6,1,0,0,4,4
V. BOTTAS,106,2016,4,0,0,1,0,0,10,0,15,8,0,0,8,2,0,2,0,2,4,0,0,8,10,12,0,0,0,0,0,12,0,0,0,1,4,0,0,0,0
N. HULKENBERG,70,2016,6,0,0,0,0,0,0,8,4,2,0,0,2,0,0,1,6,6,12,0,0,1,4,0,0,0,0,0,0,0,6,0,0,4,6,0,0,0,6
F. ALONSO,24,2016,0,0,6,0,0,0,0,10,0,0,0,0,0,0,0,6,0,0,6,0,0,0,6,8,0,0,0,0,0,1,1,0,0,0,0,0,0,10,1
F. MASSA,26,2016,10,0,0,8,0,0,4,1,0,1,0,0,1,0,0,0,0,0,1,0,0,2,0,10,0,0,0,0,0,10,0,0,0,2,2,0,0,6,2
C. SAINZ,15,2016,2,0,0,2,0,0,8,4,2,0,0,0,0,4,0,4,4,0,0,0,0,0,0,0,0,0,0,0,0,2,8,0,0,0,0,0,0,8,0
R. GROSJEAN,88,2016,8,0,0,0,0,0,0,0,0,0,0,0,0,6,0,0,0,0,0,0,0,0,0,4,0,0,0,0,0,0,0,0,0,0,0,0,0,1,0
D. KVYAT,17,2016,0,0,2,15,0,0,1,0,0,0,0,0,0,0,0,0,1,0,0,0,0,0,0,0,0,0,0,0,0,0,0,0,0,0,0,0,0,0,0
J. BUTTON,37,2016,0,0,0,0,0,0,2,2,0,0,0,0,0,8,0,0,0,4,0,0,0,0,2,1,0,0,0,0,0,0,0,0,0,0,0,0,0,2,0
K. MAGNUSSEN,50,2016,0,0,1,0,0,0,0,0,0,0,0,0,0,0,0,0,0,0,0,0,0,0,0,6,0,0,0,0,0,0,0,0,0,0,0,0,0,0,0
F. NASR,27,2016,0,0,0,0,0,0,0,0,0,0,0,0,0,0,0,0,0,0,0,0,0,0,0,0,0,0,0,0,0,0,2,0,0,0,0,0,0,0,0
J. PALMER,42,2016,0,0,0,0,0,0,0,0,0,0,0,0,0,0,0,0,0,0,0,0,0,0,1,0,0,0,0,0,0,0,0,0,0,0,0,0,0,0,0
P. WEHRLEIN,84,2016,0,0,0,0,0,0,0,0,0,0,0,0,0,1,0,0,0,0,0,0,0,0,0,0,0,0,0,0,0,0,0,0,0,0,0,0,0,0,0
S. VANDOORNE,99,2016,0,0,0,0,0,0,0,0,0,0,0,0,0,0,0,0,0,0,0,0,0,0,0,0,0,0,0,0,0,0,0,0,0,0,0,0,0,0,0
E. GUTIERREZ,21,2016,0,0,0,0,0,0,0,0,0,0,0,0,0,0,0,0,0,0,0,0,0,0,0,0,0,0,0,0,0,0,0,0,0,0,0,0,0,0,0
M. ERICSSON,61,2016,0,0,0,0,0,0,0,0,0,0,0,0,0,0,0,0,0,0,0,0,0,0,0,0,0,0,0,0,0,0,0,0,0,0,0,0,0,0,0
E. OCON,23,2016,0,0,0,0,0,0,0,0,0,0,0,0,0,0,0,0,0,0,0,0,0,0,0,0,0,0,0,0,0,0,0,0,0,0,0,0,0,0,0
R. HARYANTO,89,2016,0,0,0,0,0,0,0,0,0,0,0,0,0,0,0,0,0,0,0,0,0,0,0,0,0,0,0,0,0,0,0,0,0,0,0,0,0,0,0
L. HAMILTON,55,2017,18,0,25,25,0,0,25,6,25,0,0,10,10,12,0,0,25,12,25,0,0,25,18,12,0,0,0,0,0,25,12,0,0,25,2,0,0,25,18
S. VETTEL,100,2017,25,0,0,18,0,0,18,25,12,0,0,12,12,18,0,0,6,25,18,0,0,15,12,18,0,0,0,0,0,18,25,0,0,0,12,0,0,18,15
V. BOTTAS,106,2017,15,0,15,8,0,0,0,12,18,0,0,18,18,25,0,0,18,15,10,0,0,18,10,25,0,0,0,0,0,6,18,0,0,12,18,0,0,10,25
K. RAIKKONEN,52,2017,12,0,0,10,0,0,0,18,6,0,0,0,0,10,0,0,15,18,12,0,0,10,0,15,0,0,0,0,0,15,15,0,0,10,15,0,0,15,12
D. RICCIARDO,18,2017,0,0,18,12,0,0,15,15,15,0,0,25,25,15,0,0,10,0,15,0,0,12,15,0,0,0,0,0,0,4,8,0,0,15,0,0,0,0,0
M. VERSTAPPEN,66,2017,10,0,0,15,0,0,0,10,0,0,0,0,0,0,0,0,12,10,0,0,0,1,25,10,0,0,0,0,0,8,10,0,0,18,25,0,0,12,10
S. PEREZ,96,2017,6,0,10,2,0,0,12,0,10,0,0,0,0,6,0,0,2,4,0,0,0,2,8,8,0,0,0,0,0,0,2,0,0,6,6,0,0,4,6
E. OCON,23,2017,1,0,1,1,0,0,10,0,8,0,0,8,8,4,0,0,4,2,2,0,0,8,1,6,0,0,0,0,0,12,0,0,0,8,10,0,0,8,4
C. SAINZ,15,2017,4,0,12,6,0,0,6,8,0,0,0,4,4,0,0,0,0,6,1,0,0,0,0,1,0,0,0,0,0,0,0,0,0,0,0,0,0,6,0
N. HULKENBERG,70,2017,0,0,0,0,0,0,8,0,4,0,0,0,0,0,0,0,8,0,8,0,0,0,0,4,0,0,0,0,0,1,1,0,0,0,0,0,0,0,8
F. MASSA,26,2017,8,0,0,0,0,0,0,2,0,0,0,0,0,2,0,0,1,0,4,0,0,4,2,2,0,0,0,0,0,10,6,0,0,1,0,0,0,2,1
L. STROLL,59,2017,0,0,4,0,0,0,0,0,2,0,0,15,15,1,0,0,0,0,0,0,0,6,4,0,0,0,0,0,0,2,0,0,0,0,8,0,0,0,0
R. GROSJEAN,88,2017,0,0,2,0,0,0,1,4,1,0,0,0,0,8,0,0,0,0,6,0,0,0,0,0,0,0,0,0,0,0,0,0,0,2,0,0,0,0,0
K. MAGNUSSEN,50,2017,0,0,0,4,0,0,0,1,0,0,0,6,6,0,0,0,0,0,0,0,0,0,0,0,0,0,0,0,0,0,0,0,0,4,4,0,0,0,0
F. ALONSO,24,2017,0,0,0,0,0,0,0,0,0,0,0,2,2,0,0,0,0,8,0,0,0,0,0,0,0,0,0,0,0,0,4,0,0,0,1,0,0,0,2
S. VANDOORNE,99,2017,0,0,6,0,0,0,0,0,0,0,0,0,0,0,0,0,0,1,0,0,0,0,6,0,0,0,0,0,0,0,0,0,0,0,0,0,0,0,0
J. PALMER,42,2017,0,0,8,0,0,0,0,0,0,0,0,0,0,0,0,0,0,0,0,0,0,0,0,0,0,0,0,0,0,0,0,0,0,0,0,0,0,0,0
P. WEHRLEIN,84,2017,0,0,0,0,0,0,4,0,0,0,0,1,1,0,0,0,0,0,0,0,0,0,0,0,0,0,0,0,0,0,0,0,0,0,0,0,0,0,0
D. KVYAT,17,2017,2,0,0,0,0,0,2,0,0,0,0,0,0,0,0,0,0,0,0,0,0,0,0,0,0,0,0,0,0,0,0,0,0,0,0,0,0,1,0
M. ERICSSON,61,2017,0,0,0,0,0,0,0,0,0,0,0,0,0,0,0,0,0,0,0,0,0,0,0,0,0,0,0,0,0,0,0,0,0,0,0,0,0,0,0
P. GASLY,82,2017,0,0,0,0,0,0,0,0,0,0,0,0,0,0,0,0,0,0,0,0,0,0,0,0,0,0,0,0,0,0,0,0,0,0,0,0,0,0,0
A. GIOVINAZZI,2,2017,0,0,0,0,0,0,0,0,0,0,0,0,0,0,0,0,0,0,0,0,0,0,0,0,0,0,0,0,0,0,0,0,0,0,0,0,0,0,0
B. HARTLEY,8,2017,0,0,0,0,0,0,0,0,0,0,0,0,0,0,0,0,0,0,0,0,0,0,0,0,0,0,0,0,0,0,0,0,0,0,0,0,0,0,0
L. HAMILTON,55,2018,18,0,25,12,0,0,25,15,10,0,25,25,25,0,0,18,25,25,18,0,0,25,25,25,0,0,0,0,0,25,25,0,0,25,12,0,0,15,25
S. VETTEL,100,2018,25,0,0,4,0,0,12,18,25,0,10,12,10,15,0,25,0,18,25,0,0,12,15,15,0,0,0,0,0,18,8,0,0,8,18,0,0,12,18
K. RAIKKONEN,52,2018,15,0,15,15,0,0,0,12,8,0,15,18,15,18,0,15,15,15,0,0,0,18,12,10,0,0,0,0,0,6,15,0,0,10,15,0,0,25,0
M. VERSTAPPEN,66,2018,8,0,0,10,0,0,15,2,15,0,18,0,18,25,0,0,12,0,15,0,0,10,10,18,0,0,0,0,0,15,18,0,0,15,25,0,0,18,15
V. BOTTAS,106,2018,4,0,18,18,0,0,18,10,18,0,6,0,6,0,0,12,18,10,12,0,0,15,18,12,0,0,0,0,0,4,10,0,0,18,10,0,0,10,10
D. RICCIARDO,18,2018,12,0,0,25,0,0,10,25,12,0,12,0,12,0,0,10,0,12,0,0,0,0,8,8,0,0,0,0,0,8,12,0,0,12,0,0,0,0,12
N. HULKENBERG,70,2018,6,0,10,8,0,0,0,4,6,0,2,0,2,0,0,8,10,0,0,0,0,0,0,1,0,0,0,0,0,0,0,0,0,0,8,0,0,8,0
S. PEREZ,96,2018,0,0,1,0,0,0,2,0,0,0,0,15,0,6,0,1,6,0,10,0,0,6,1,0,0,0,0,0,0,12,1,0,0,6,0,0,0,4,4
K. MAGNUSSEN,50,2018,0,0,12,1,0,0,8,0,0,0,8,0,8,10,0,2,0,6,4,0,0,0,4,0,0,0,0,0,0,0,2,0,0,0,0,0,0,0,1
C. SAINZ,15,2018,1,0,0,2,0,0,6,1,4,0,4,10,4,0,0,0,0,2,0,0,0,4,0,4,0,0,0,0,0,1,0,0,0,1,0,0,0,6,8
F. ALONSO,24,2018,10,0,0,6,0,0,4,0,0,0,0,6,0,4,0,4,0,4,0,0,0,0,0,6,0,0,0,0,0,10,0,0,0,0,0,0,0,0,0
E. OCON,23,2018,0,0,4,0,0,0,0,8,2,0,0,0,0,8,0,6,4,0,8,0,0,8,2,0,0,0,0,0,0,2,0,0,0,2,0,0,0,0,0
C. LECLERC,13,2018,0,0,2,0,0,0,1,0,1,0,1,8,1,2,0,0,0,0,0,0,0,0,6,2,0,0,0,0,0,0,6,0,0,0,6,0,0,0,6
R. GROSJEAN,88,2018,0,0,0,0,0,0,0,0,0,0,0,0,0,12,0,0,8,1,6,0,0,0,0,0,0,0,0,0,0,0,4,0,0,4,0,0,0,0,2
P. GASLY,82,2018,0,0,0,0,0,0,0,6,0,0,0,0,0,0,0,0,0,8,2,0,0,0,0,0,0,0,0,0,0,0,0,0,0,0,1,0,0,0,0
S. VANDOORNE,99,2018,2,0,6,0,0,0,0,0,0,0,0,2,0,0,0,0,0,0,0,0,0,0,0,0,0,0,0,0,0,0,0,0,0,0,4,0,0,0,0
M. ERICSSON,61,2018,0,0,8,0,0,0,0,0,0,0,0,0,0,1,0,0,2,0,1,0,0,0,0,0,0,0,0,0,0,0,0,0,0,0,2,0,0,1,0
L. STROLL,59,2018,0,0,0,0,0,0,0,0,0,0,0,4,0,0,0,0,0,0,0,0,0,2,0,0,0,0,0,0,0,0,0,0,0,0,0,0,0,0,0
B. HARTLEY,8,2018,0,0,0,0,0,0,0,0,0,0,0,1,0,0,0,0,1,0,0,0,0,0,0,0,0,0,0,0,0,0,0,0,0,0,0,0,0,2,0
S. SIROTKIN,97,2018,0,0,0,0,0,0,0,0,0,0,0,0,0,0,0,0,0,0,0,0,0,1,0,0,0,0,0,0,0,0,0,0,0,0,0,0,0,0,0
L. HAMILTON,55,2019,18,0,25,25,0,0,26,25,25,0,25,18,25,10,0,26,2,25,18,0,0,16,26,12,0,0,0,0,0,25,6,0,0,25,18,0,0,16,26
V. BOTTAS,106,2019,26,0,0,18,0,0,18,15,13,0,18,25,18,15,0,18,0,4,15,0,0,18,18,10,0,0,0,0,0,18,0,0,0,15,25,0,0,25,12
M. VERSTAPPEN,66,2019,15,0,15,12,0,0,15,12,10,0,12,12,12,26,0,10,26,19,0,0,0,4,12,15,0,0,0,0,0,6,25,0,0,8,15,0,0,0,18
C. LECLERC,13,2019,10,0,0,10,0,0,10,0,15,0,15,11,15,18,0,15,0,12,25,0,0,25,15,18,0,0,0,0,0,15,0,0,0,13,13,0,0,8,15
S. VETTEL,100,2019,12,0,18,15,0,0,12,18,18,0,11,15,11,12,0,0,18,15,13,0,0,0,0,25,0,0,0,0,0,4,0,0,0,18,0,0,0,18,10
C. SAINZ,15,2019,0,0,0,0,0,0,4,8,0,0,8,6,8,4,0,8,10,10,0,0,0,0,8,0,0,0,0,0,0,8,15,0,0,0,4,0,0,10,1
P. GASLY,82,2019,0,0,10,9,0,0,8,11,4,0,1,0,1,6,0,12,0,8,2,0,0,0,0,4,0,0,0,0,0,0,18,0,0,2,0,0,0,6,0
A. ALBON,1,2019,0,0,1,1,0,0,0,4,0,0,0,0,0,0,0,0,8,1,10,0,0,8,10,8,0,0,0,0,0,12,0,0,0,10,10,0,0,12,8
D. RICCIARDO,18,2019,0,0,12,6,0,0,0,2,8,0,0,0,0,0,0,6,0,0,0,0,0,12,0,0,0,0,0,0,0,0,8,0,0,4,8,0,0,0,0
S. PEREZ,96,2019,0,0,0,4,0,0,0,0,0,0,0,8,0,0,0,0,0,0,8,0,0,6,6,0,0,0,0,0,0,1,2,0,0,6,1,0,0,4,6
L. NORRIS,57,2019,0,0,0,0,0,0,0,0,0,0,2,4,2,8,0,0,0,2,0,0,0,1,4,6,0,0,0,0,0,10,4,0,0,0,6,0,0,0,4
K. RAIKKONEN,52,2019,4,0,4,2,0,0,0,0,0,0,6,1,6,2,0,4,0,6,0,0,0,0,0,0,0,0,0,0,0,2,12,0,0,0,0,0,0,0,0
D. KVYAT,17,2019,1,0,2,0,0,0,2,6,1,0,0,0,0,0,0,2,15,0,6,0,0,0,0,0,0,0,0,0,0,0,1,0,0,0,0,0,0,1,2
N. HULKENBERG,70,2019,6,0,0,0,0,0,0,0,6,0,4,0,4,0,0,1,0,0,4,0,0,10,1,2,0,0,0,0,0,0,0,0,0,1,2,0,0,0,0
L. STROLL,59,2019,2,0,0,0,0,0,0,0,2,0,0,2,0,0,0,0,12,0,1,0,0,0,0,0,0,0,0,0,0,0,0,0,0,0,0,0,0,2,0
K. MAGNUSSEN,50,2019,8,0,6,0,0,0,6,0,0,0,0,0,0,0,0,0,4,0,0,0,0,0,2,0,0,0,0,0,0,0,0,0,0,0,0,0,0,0,0
A. GIOVINAZZI,2,2019,0,0,8,0,0,0,0,0,0,0,0,0,0,1,0,0,0,0,0,0,0,2,0,1,0,0,0,0,0,0,10,0,0,0,0,0,0,0,0
R. GROSJEAN,88,2019,0,0,0,0,0,0,1,1,0,0,0,0,0,0,0,0,6,0,0,0,0,0,0,0,0,0,0,0,0,0,0,0,0,0,0,0,0,0,0
R. KUBICA,90,2019,0,0,0,0,0,0,0,0,0,0,0,0,0,0,0,0,1,0,0,0,0,0,0,0,0,0,0,0,0,0,0,0,0,0,0,0,0,0,0
G. RUSSELL,29,2019,0,0,0,0,0,0,0,0,0,0,0,0,0,0,0,0,0,0,0,0,0,0,0,0,0,0,0,0,0,0,0,0,0,0,0,0,0,0,0
M. VERSTAPPEN,66,2022,0,0,0,0,0,0,25,15,25,0,25,25,27,6,0,0,25,26,25,26,0,6,25,0,0,0,34,0,0,0,25,0,25,25,13,0,26,25,454
C. LECLERC,13,2022,26,0,0,0,0,26,0,12,10,0,0,0,32,12,0,0,8,8,18,15,0,18,15,0,0,0,15,0,0,0,18,0,19,15,15,0,18,8,308
S. PEREZ,96,2022,18,0,0,0,0,0,19,25,0,0,12,19,4,18,0,0,10,18,9,10,0,25,18,0,0,0,24,0,0,0,15,0,12,12,10,0,12,15,305
G. RUSSELL,29,2022,15,0,0,0,0,12,15,10,12,0,15,15,17,0,0,0,15,12,15,18,0,0,4,0,0,0,12,0,0,0,10,0,10,11,34,0,10,13,275
C. SAINZ,15,2022,0,0,0,0,0,18,12,18,19,0,11,0,6,25,0,0,12,15,12,4,0,15,0,0,0,0,5,0,0,0,12,0,15,0,22,0,15,10,246
L. HAMILTON,55,2022,12,0,0,0,0,15,10,4,15,0,18,12,16,16,0,0,19,0,10,12,0,2,10,0,0,0,0,0,0,0,0,0,1,18,24,0,8,18,240
L. NORRIS,57,2022,10,0,0,0,0,0,4,9,0,0,6,2,6,8,0,0,6,0,6,6,0,12,1,0,0,0,19,0,0,0,9,0,6,8,2,0,0,2,122
E. OCON,23,2022,6,0,0,0,0,6,6,0,8,0,4,1,13,0,0,0,2,6,0,2,0,0,12,0,0,0,0,0,0,0,6,0,8,0,4,0,4,4,92
F. ALONSO,24,2022,0,0,0,0,0,2,2,6,2,0,8,6,1,10,0,0,4,10,0,8,0,0,6,0,0,0,0,0,0,0,0,0,0,6,10,0,0,0,81
V. BOTTAS,106,2022,4,0,0,0,0,8,8,2,6,0,0,0,0,0,0,0,0,0,0,0,0,0,0,0,0,0,12,0,0,0,0,0,0,0,2,0,6,1,49
D. RICCIARDO,18,2022,8,0,0,0,0,0,0,0,0,0,2,4,2,0,0,0,0,0,0,0,0,10,0,0,0,0,3,0,0,0,2,0,0,0,0,0,0,6,37
S. VETTEL,100,2022,0,0,0,0,0,0,0,1,0,0,0,8,0,2,0,0,1,4,0,0,0,4,8,0,0,0,4,0,0,0,1,0,0,4,0,0,0,0,37
K. MAGNUSSEN,50,2022,0,0,0,0,0,10,0,0,0,0,0,0,6,1,0,0,0,0,0,0,0,0,0,0,0,0,3,0,0,0,0,0,2,2,1,0,0,0,25
P. GASLY,82,2022,2,0,0,0,0,0,0,0,0,0,0,10,0,0,0,0,0,2,4,0,0,1,0,0,0,0,0,0,0,0,0,0,4,0,0,0,0,0,23
L. STROLL,59,2022,0,0,0,0,0,0,0,0,1,0,1,0,0,0,0,0,0,0,0,1,0,8,0,0,0,0,1,0,0,0,4,0,0,0,1,0,1,0,18
M. SCHUMACHER,65,2022,0,0,0,0,0,0,0,0,0,0,0,0,8,4,0,0,0,0,0,0,0,0,0,0,0,0,0,0,0,0,0,0,0,0,0,0,0,0,12
Y. TSUNODA,111,2022,0,0,0,0,0,4,1,0,0,0,0,0,0,0,0,0,0,0,0,0,0,0,0,0,0,0,6,0,0,0,0,0,0,1,0,0,0,0,12
G. ZHOU,31,2022,0,0,0,0,0,1,0,0,4,0,0,0,0,0,0,0,0,0,1,0,0,0,0,0,0,0,0,0,0,0,0,0,0,0,0,0,0,0,6
A. ALBON,1,2022,1,0,0,0,0,0,0,0,0,0,0,0,0,0,0,0,0,1,0,0,0,0,0,0,0,0,0,0,0,0,0,0,0,0,0,0,2,0,4
N. LATIFI,72,2022,0,0,0,0,0,0,0,0,0,0,0,0,0,0,0,0,0,0,0,0,0,0,2,0,0,0,0,0,0,0,0,0,0,0,0,0,0,0,2
N. de VRIES,68,2022,0,0,0,0,0,0,0,0,0,0,0,0,0,0,0,0,0,0,2,0,0,0,0,0,0,0,0,0,0,0,0,0,0,0,0,0,0,0,2
N. HULKENBERG,70,2022,0,0,0,0,0,0,0,0,0,0,0,0,0,0,0,0,0,0,0,0,0,0,0,0,0,0,0,0,0,0,0,0,0,0,0,0,0,0,0
